data_iniSE,SE,casos_est,casos_est_min,casos_est_max,casos,p_rt1,p_inc100k,Localidade_id,nivel,id,versao_modelo,municipio_nome,tweet,Rt,pop,tempmin,umidmax,receptivo,transmissao,nivel_inc,umidmed,umidmin,tempmed,tempmax,casprov,casprov_est,casprov_est_min,casprov_est_max,casconf,notif_accum_year
1786838400000,202633,165.0,165,165.0,165,0.060223155,22.745476,0,3,354990420263320690,2026-08-25,São José dos Campos,,0.84881514,725419,0,0,0,0,0,0,0,0,0,72,,,,,235967
1786233600000,202632,214.0,214,214.0,214,0.9752025,29.500193,0,3,354990420263220690,2026-08-25,São José dos Campos,,1.2205424,725419,0,0,0,1,1,0,0,0,0,89,,,,,235967
1785628800000,202631,219.0,219,219.0,219,0.99405044,30.18945,0,1,354990420263120690,2026-08-25,São José dos Campos,,1.2917017,725419,14.0517166666667,63.4731833333333,0,1,1,60.1085833333333,55.2795833333333,15.0229833333333,16.1494833333333,72,,,,,235967
1785024000000,202630,151.0,151,151.0,151,0.017505258,20.815556,0,1,354990420263020690,2026-08-25,São José dos Campos,,0.7954424,725419,16.8700142857143,80.2401428571429,0,0,0,80.2401428571429,80.2401428571429,16.8700142857143,16.8700142857143,61,,,,,235967
1784419200000,202629,167.0,167,167.0,167,0.0003141755,23.021177,0,1,354990420262920690,2026-08-25,São José dos Campos,,0.7096006,725419,14.8533857142857,81.2807428571429,0,0,0,81.2807428571429,81.2807428571429,14.8533857142857,14.8533857142857,72,,,,,235967
1783814400000,202628,168.0,168,168.0,168,4.74e-08,23.159029,0,1,354990420262820690,2026-08-25,São José dos Campos,,0.59940064,725419,12.8766142857143,80.3373142857143,0,0,0,80.3373142857143,80.3373142857143,12.8766142857143,12.8766142857143,60,,,,,235967
1783209600000,202627,231.0,231,231.0,231,0.0008044244,31.843666,0,1,354990420262720690,2026-08-25,São José dos Campos,,0.7604353,725419,14.7829285714286,84.1995571428571,0,0,1,84.1995571428571,84.1995571428571,14.7829285714286,14.7829285714286,70,,,,,235967
1782604800000,202626,315.0,315,315.0,315,0.2794333,43.42318,0,1,354990420262620690,2026-08-25,São José dos Campos,,0.9550289,725419,16.2041,86.3729714285714,0,0,1,86.3729714285714,86.3729714285714,16.2041,16.2041,28,,,,,235967
1782000000000,202625,294.0,294,294.0,294,0.0011504516,40.5283,0,1,354990420262520690,2026-08-25,São José dos Campos,,0.7891317,725419,15.0740142857143,89.3888285714286,0,0,1,89.3888285714286,89.3888285714286,15.0740142857143,15.0740142857143,26,,,,,235967
1781395200000,202624,310.0,310,310.0,310,4.25045e-05,42.733925,0,1,354990420262420690,2026-08-25,São José dos Campos,,0.74589336,725419,14.5768857142857,89.1306428571429,0,0,1,89.1306428571429,89.1306428571429,14.5768857142857,14.5768857142857,20,,,,,235967
1780790400000,202623,387.0,387,387.0,387,0.027640821,53.34848,0,1,354990420262320690,2026-08-25,São José dos Campos,,0.87528515,725419,13.7639142857143,85.0530285714286,0,0,1,79.8889714285714,73.2009857142857,15.3471571428571,16.8201714285714,27,,,,,235967
1780185600000,202622,411.0,411,411.0,411,0.11813139,56.65691,0,1,354990420262220690,2026-08-25,São José dos Campos,,0.9222621,725419,13.0650571428571,98.1589285714286,0,0,1,84.4023714285714,60.0175285714286,15.6734571428571,19.8453428571429,40,,,,,235967
1779580800000,202621,479.0,479,479.0,479,0.832917,66.03081,0,1,354990420262120690,2026-08-25,São José dos Campos,,1.0654236,725419,14.5455571428571,96.9989714285714,0,0,1,86.4057142857143,68.2269571428571,17.5101285714286,21.5820285714286,50,,,,,235967
1778976000000,202620,432.0,432,432.0,432,0.12913191,59.55179,0,1,354990420262020690,2026-08-25,São José dos Campos,,0.9273273,725419,15.3767571428571,95.8196142857143,0,0,1,88.7069142857143,76.8529857142857,17.4406714285714,20.1249428571429,46,,,,,235967
1778371200000,202619,445.0,445,445.0,445,0.041817714,61.343857,0,1,354990420261920690,2026-08-25,São José dos Campos,,0.8934138,725419,12.8690142857143,95.3417714285714,0,0,1,79.2487714285714,56.2073428571429,17.2370571428571,22.3310142857143,47,,,,,235967
1777766400000,202618,470.0,470,470.0,470,0.016361736,64.79014,0,1,354990420261820690,2026-08-25,São José dos Campos,,0.8740344,725419,19.3253857142857,79.5515571428571,1,0,1,79.5515571428571,79.5515571428571,19.3253857142857,19.3253857142857,72,,,,,235967
1777161600000,202617,468.0,468,468.0,468,0.0021237305,64.51444,0,1,354990420261720690,2026-08-25,São José dos Campos,,0.8363801,725419,20.6053857142857,87.1010571428571,1,0,1,87.1010571428571,87.1010571428571,20.6053857142857,20.6053857142857,71,,,,,235967
1776556800000,202616,586.0,586,586.0,586,0.6675811,80.7809,0,1,354990420261620690,2026-08-25,São José dos Campos,,1.0257897,725419,14.5288,96.5501428571429,0,0,1,77.6570714285714,49.8846285714286,19.3052857142857,25.0832142857143,54,,,,,235967
1775952000000,202615,539.0,539,539.0,539,0.056305137,74.30189,0,1,354990420261520690,2026-08-25,São José dos Campos,,0.9099577,725419,14.0975857142857,95.0784714285714,0,0,1,76.1656142857143,49.4437,19.4806,25.4129428571429,54,,,,,235967
1775347200000,202614,601.0,601,601.0,601,0.17790861,82.84867,0,1,354990420261420690,2026-08-25,São José dos Campos,,0.9488039,725419,17.5436571428571,94.7606714285714,0,0,1,84.1786142857143,68.2792714285714,20.6460142857143,24.3570285714286,59,,,,,235967
1774742400000,202613,536.0,536,536.0,536,0.0009646491,73.88833,0,3,354990420261320690,2026-08-25,São José dos Campos,,0.8344565,725419,17.3457714285714,94.8394,0,0,1,81.8874571428571,62.6149714285714,21.2456285714286,25.8233,50,,,,,235967
1774137600000,202612,678.0,678,678.0,678,0.962819,93.46323,0,3,354990420261220690,2026-08-25,São José dos Campos,,1.104418,725419,16.8322,95.2195857142857,0,1,1,75.8665142857143,48.7273714285714,21.8170857142857,27.3913142857143,56,,,,,235967
1773532800000,202611,691.0,691,691.0,691,0.9922938,95.255295,0,1,354990420261120690,2026-08-25,São José dos Campos,,1.1442537,725419,17.6473142857143,94.4085571428571,0,1,1,79.6355285714286,59.3986857142857,22.0980142857143,26.8001428571429,79,,,,,235967
1772928000000,202610,571.0,571,571.0,571,0.050007023,78.71313,0,1,354990420261020690,2026-08-25,São José dos Campos,,0.9093502,725419,18.2749,97.1875142857143,1,0,1,88.851,76.0575285714286,20.5329142857143,23.2963857142857,65,,,,,235967
1772323200000,202609,607.0,607,607.0,607,0.12625405,83.67578,0,1,354990420260920690,2026-08-25,São José dos Campos,,0.9374339,725419,16.7365,97.788,0,0,1,82.4948285714286,61.6419142857143,20.2997428571429,24.9418714285714,49,,,,,235967
1771718400000,202608,594.0,594,594.0,594,0.35198835,81.88371,0,3,354990420260820690,2026-08-25,São José dos Campos,,0.97831917,725419,19.0306,96.6494142857143,1,0,1,86.4395,71.0944714285714,21.3536714285714,24.7644142857143,56,,,,,235967
1771113600000,202607,737.0,737,737.0,737,1.0,101.59646,0,3,354990420260720690,2026-08-25,São José dos Campos,,1.4076095,725419,18.9390142857143,95.4672142857143,1,1,1,79.2587142857143,56.0059571428571,23.1827857142857,28.1297714285714,55,,,,,235967
1770508800000,202606,600.0,600,600.0,600,0.99999976,82.71082,0,3,354990420260620690,2026-08-25,São José dos Campos,,1.3680247,725419,19.1145857142857,94.1636714285714,1,1,1,82.9594571428571,65.9083714285714,22.1320857142857,25.6101,56,,,,,235967
1769904000000,202605,556.0,556,556.0,556,0.99999934,76.64536,0,1,354990420260520690,2026-08-25,São José dos Campos,,1.3691533,725419,19.3764,95.1862142857143,1,1,1,86.4203714285714,74.4833428571429,21.9307857142857,24.9832142857143,46,,,,,235967
1769299200000,202604,392.0,392,392.0,392,0.13362803,54.037735,0,1,354990420260420690,2026-08-25,São José dos Campos,,0.9252611,725419,17.6431857142857,97.1505285714286,0,0,1,84.3777857142857,66.7945142857143,21.3168714285714,25.6867714285714,29,,,,,235967
1768694400000,202603,369.0,369,369.0,369,0.010782228,50.867153,0,1,354990420260320690,2026-08-25,São José dos Campos,,0.8501321,725419,16.6033428571429,95.2301285714286,0,0,1,83.8471428571429,69.2053857142857,19.3668714285714,22.7061857142857,26,,,,,235967
1768089600000,202602,442.0,442,442.0,442,0.86881644,60.930305,0,2,354990420260220690,2026-08-25,São José dos Campos,,1.0798459,725419,19.3458714285714,89.2389285714286,1,0,1,72.3869857142857,52.883,23.4297,27.4854571428571,31,,,,,235967
1767484800000,202601,466.0,466,466.0,466,0.9968655,64.23874,0,2,354990420260120690,2026-08-25,São José dos Campos,,1.2063197,725419,18.0205571428571,91.2633,1,1,1,74.5461285714286,54.875,22.2170857142857,26.7150285714286,39,,,,,235967
1766880000000,202553,418.0,418,418.0,418,0.7084586,57.621872,0,1,354990420255320690,2026-08-25,São José dos Campos,,1.0390567,725419,21.0247,93.3734714285714,1,0,1,76.6091571428571,55.3206857142857,24.9015428571429,29.5607714285714,42,,,,,235967
1766275200000,202552,338.0,338,338.0,338,0.0002616028,46.59376,0,1,354990420255220690,2026-08-25,São José dos Campos,,0.77842534,725419,19.638,87.1776428571429,1,0,1,68.1158714285714,46.2348571428571,24.8058714285714,29.8824,26,,,,,235967
1765670400000,202551,410.0,410,410.0,410,0.0902516,56.51906,0,1,354990420255120690,2026-08-25,São José dos Campos,,0.9126732,725419,17.9845571428571,94.3383,0,0,1,83.9736571428571,69.4048428571429,20.7661428571429,24.6833714285714,35,,,,,235967
1765065600000,202550,440.0,440,440.0,440,0.36899474,60.654602,0,1,354990420255020690,2026-08-25,São José dos Campos,,0.9778328,725419,19.3453285714286,86.9682,1,0,1,74.3146142857143,57.5907142857143,22.8015142857143,27.0234857142857,32,,,,,235967
1764460800000,202549,481.0,481,481.0,481,0.5095152,66.3065,0,1,354990420254920690,2026-08-25,São José dos Campos,,1.0015392,725419,17.5459,93.5659,0,0,1,73.1956142857143,47.3270714285714,22.2798714285714,28.1276428571429,45,,,,,235967
1763856000000,202548,422.0,422,422.0,422,0.0001031535,58.173275,0,1,354990420254820690,2026-08-25,São José dos Campos,,0.7862545,725419,15.2867571428571,95.2852,0,0,1,76.1618571428571,52.1786428571429,19.6462285714286,24.8507285714286,39,,,,,235967
1763251200000,202547,444.0,444,444.0,444,0.0001096606,61.206005,0,1,354990420254720690,2026-08-25,São José dos Campos,,0.7914781,725419,16.2589285714286,92.4428571428572,0,0,1,74.8866142857143,52.1869571428571,20.6344857142857,25.8783285714286,43,,,,,235967
1762646400000,202546,580.0,580,580.0,580,0.7270458,79.95379,0,1,354990420254620690,2026-08-25,São José dos Campos,,1.0364152,725419,14.4697714285714,93.8945857142857,0,0,1,77.0036571428571,55.2349285714286,18.8848,24.1125857142857,56,,,,,235967
1762041600000,202545,600.0,600,600.0,600,0.74043465,82.71082,0,1,354990420254520690,2026-08-25,São José dos Campos,,1.0382731,725419,17.1303571428571,94.1979285714286,0,0,1,82.5886285714286,65.6932142857143,20.496,25.1270285714286,72,,,,,235967
1761436800000,202544,503.0,503,503.0,503,0.0024608609,69.33923,0,1,354990420254420690,2026-08-25,São José dos Campos,,0.84376234,725419,16.2540857142857,93.1980857142857,0,0,1,79.1082,59.892,20.2291714285714,25.1443428571429,48,,,,,235967
1760832000000,202543,608.0,608,608.0,608,0.5857736,83.81363,0,1,354990420254320690,2026-08-25,São José dos Campos,,1.0125402,725419,11.3084714285714,91.8625571428571,0,0,1,70.3690571428571,44.0756285714286,16.0909857142857,21.9918285714286,63,,,,,235967
1760227200000,202542,604.0,604,604.0,604,0.71496904,83.26222,0,1,354990420254220690,2026-08-25,São José dos Campos,,1.0334897,725419,16.8434714285714,93.9983285714286,0,0,1,76.3139,53.5955571428571,21.2652,26.6448,68,,,,,235967
1759622400000,202541,596.0,596,596.0,596,0.92243636,82.15942,0,1,354990420254120690,2026-08-25,São José dos Campos,,1.087708,725419,16.0472714285714,88.4815571428571,0,0,1,72.2922,54.3947142857143,20.1103285714286,24.6874285714286,59,,,,,235967
1759017600000,202540,637.0,637,637.0,637,0.9998535,87.81132,0,1,354990420254020690,2026-08-25,São José dos Campos,,1.2386143,725419,15.3162714285714,89.3284714285714,0,1,1,66.2511,36.7679571428571,21.2159285714286,28.3406285714286,76,,,,,235967
1758412800000,202539,501.0,501,501.0,501,0.7912722,69.06354,0,1,354990420253920690,2026-08-25,São José dos Campos,,1.0532469,725419,14.6527857142857,88.4834571428571,0,0,1,70.9017285714286,50.6002285714286,18.2591428571429,23.3304714285714,66,,,,,235967
1757808000000,202538,559.0,559,559.0,559,0.9998704,77.058914,0,1,354990420253820690,2026-08-25,São José dos Campos,,1.2603884,725419,14.2477,94.0445428571429,0,1,1,70.8766714285714,39.5426285714286,19.6347857142857,26.6105428571429,52,,,,,235967
1757203200000,202537,453.0,453,453.0,453,0.86294377,62.44667,0,3,354990420253720690,2026-08-25,São José dos Campos,,1.0767949,725419,14.4322857142857,88.1890428571429,0,0,1,67.7498285714286,40.1327142857143,19.2607285714286,25.6147,55,,,,,235967
1756598400000,202536,447.0,447,447.0,447,0.96973544,61.61956,0,3,354990420253620690,2026-08-25,São José dos Campos,,1.1383929,725419,13.5262857142857,88.5806857142857,0,1,1,67.7057,41.7335285714286,18.8131714285714,24.8374571428571,45,,,,,235967
1755993600000,202535,418.0,418,418.0,418,0.9889176,57.621872,0,3,354990420253520690,2026-08-25,São José dos Campos,,1.1791549,725419,14.9347142857143,93.9816142857143,0,1,1,77.0279714285714,53.0539142857143,18.5143,23.5683714285714,37,,,,,235967
1755388800000,202534,421.0,421,421.0,421,0.99939424,58.035423,0,1,354990420253420690,2026-08-25,São José dos Campos,,1.2668129,725419,13.8956571428571,85.4518142857143,0,1,1,65.0353714285714,36.8894714285714,19.7569142857143,26.9003428571429,27,,,,,235967
1754784000000,202533,333.0,333,333.0,333,0.47933686,45.904507,0,1,354990420253320690,2026-08-25,São José dos Campos,,0.99599874,725419,9.4262,92.3893857142857,0,0,1,74.1739142857143,47.1230285714286,13.6959571428571,19.7660714285714,26,,,,,235967
1754179200000,202532,321.0,321,321.0,321,0.13924894,44.25029,0,1,354990420253220683,2026-08-18,São José dos Campos,,0.9196918,725419,11.4309714285714,89.4705142857143,0,0,1,70.7829,44.9698285714286,16.1973,21.8069142857143,29,,,,,235967
1753574400000,202531,332.0,332,332.0,332,0.061401464,45.766655,0,1,354990420253120676,2026-08-11,São José dos Campos,,0.89023584,725419,9.3484,87.5137142857143,0,0,1,68.6186285714286,41.8530428571429,14.8937,21.5528142857143,40,,,,,235967
1752969600000,202530,352.0,352,352.0,352,0.04139905,48.52368,0,1,354990420253020671,2026-08-06,São José dos Campos,,0.8810756,725419,11.3458857142857,93.9252,0,0,1,77.1422285714286,49.4506571428571,16.0301285714286,22.2481285714286,32,,,,,235967
1752364800000,202529,353.0,353,353.0,353,0.003567854,48.661533,0,1,354990420252920662,2026-07-28,São José dos Campos,,0.8245844,725419,9.40991428571429,90.8839428571429,0,0,1,69.5160428571429,41.6002571428571,15.0262,21.2727714285714,27,,,,,235967
1751760000000,202528,441.0,441,441.0,441,0.055148393,60.792454,0,1,354990420252820654,2026-07-20,São José dos Campos,,0.9005833,725419,10.4856857142857,97.0397428571429,0,0,1,78.9902571428571,52.1168571428571,14.4197571428571,19.6671714285714,46,,,,,235967
1751155200000,202527,371.0,371,371.0,371,0.0,51.142857,0,1,354990420252720647,2026-07-13,São José dos Campos,,0.65198606,725419,12.2234857142857,94.1092571428571,0,0,1,84.4789428571429,66.7286571428571,14.8100285714286,18.5617428571429,34,,,,,235967
1750550400000,202526,494.0,494,494.0,494,1.66e-08,68.09857,0,1,354990420252620642,2026-07-08,São José dos Campos,,0.7232614,725419,11.5414714285714,89.8373857142857,0,0,1,74.8771285714286,50.4464142857143,16.2411142857143,22.6787571428571,66,,,,,235967
1749945600000,202525,595.0,595,595.0,595,0.0,82.02156,0,1,354990420252520636,2026-07-02,São José dos Campos,,0.6705081,725419,9.77032857142857,88.4556571428571,0,0,1,71.9372714285714,47.8988571428571,15.8423142857143,22.7122,61,,,,,235967
1749340800000,202524,573.0,573,573.0,573,0.0,78.98883,0,4,354990420252420627,2026-06-23,São José dos Campos,,0.49530724,725419,11.1011142857143,95.6071285714286,0,0,1,83.7810428571429,63.6779571428571,14.1412285714286,18.0668285714286,84,,,,,235967
1748736000000,202523,894.0,894,894.0,894,0.0,123.23912,0,4,354990420252320621,2026-06-17,São José dos Campos,,0.6230361,725419,13.2367285714286,96.0640142857143,0,0,2,82.6568428571429,60.6385428571429,17.3432428571429,22.5754714285714,141,,,,,235967
1748131200000,202522,1123.0,1123,1123.0,1123,0.0,154.80708,0,4,354990420252220619,2026-06-15,São José dos Campos,,0.6892379,725419,12.3642142857143,90.1092428571429,0,0,2,75.1701142857143,51.8407,16.9495285714286,22.6814571428571,165,,,,,235967
1747526400000,202521,1487.0,1487,1487.0,1487,0.0001796448,204.98499,0,4,354990420252120608,2026-06-04,São José dos Campos,,0.8809401,725419,14.1516714285714,92.5122571428571,0,0,2,77.3917857142857,58.5712,18.5960714285714,23.0703142857143,245,,,,,235967
1746921600000,202520,1739.0,1739,1739.0,1739,0.89081264,239.72353,0,4,354990420252020599,2026-05-26,São José dos Campos,,1.0430816,725419,13.4187714285714,95.5475571428571,0,0,2,81.4256571428571,59.5587285714286,17.0241,21.4607571428571,270,,,,,235967
1746316800000,202519,1730.0,1730,1730.0,1730,0.9584012,238.48286,0,4,354990420251920592,2026-05-19,São José dos Campos,,1.061607,725419,14.0512571428571,91.8219571428571,0,1,2,75.6745857142857,50.9340857142857,19.1068142857143,24.9255857142857,300,,,,,235967
1745712000000,202518,1650.0,1650,1650.0,1650,0.871686,227.45476,0,4,354990420251820587,2026-05-14,São José dos Campos,,1.0406914,725419,14.9750714285714,96.7332285714286,0,0,2,82.3355428571429,59.4433857142857,18.3778285714286,22.6874,305,,,,,235967
1745107200000,202517,1673.0,1673,1673.0,1673,0.97047824,230.62534,0,4,354990420251720578,2026-05-05,São José dos Campos,,1.0686083,725419,16.6480571428571,96.4144571428571,0,1,2,86.2720428571429,69.5373142857143,19.1323285714286,22.6235,333,,,,,235967
1744502400000,202516,1566.0,1566,1566.0,1566,0.39290193,215.87524,0,4,354990420251620571,2026-04-28,São José dos Campos,,0.9903595,725419,16.8759571428571,95.8276714285714,0,0,2,82.9252285714286,64.9573142857143,20.4015714285714,24.6334142857143,316,,,,,235967
1743897600000,202515,1543.0,1543,1543.0,1543,0.1592031,212.70465,0,4,354990420251520566,2026-04-23,São José dos Campos,,0.9650281,725419,15.4034571428571,94.8909,0,0,2,81.8735428571429,63.4501142857143,19.0116857142857,23.4463,325,,,,,235967
1743292800000,202514,1594.0,1594,1594.0,1594,0.54726225,219.73508,0,4,354990420251420557,2026-04-14,São José dos Campos,,1.004219,725419,18.6283,95.3344857142857,1,0,2,84.3351428571429,67.3065428571429,21.6689,25.4155714285714,284,,,,,235967
1742688000000,202513,1624.0,1624,1624.0,1624,0.8955475,223.87062,0,4,354990420251320552,2026-04-09,São José dos Campos,,1.0455947,725419,17.5583142857143,95.0912714285714,0,0,2,81.1396285714286,62.1700142857143,21.7272857142857,26.2937428571429,345,,,,,235967
1742083200000,202512,1619.0,1619,1619.0,1619,0.92635345,223.18137,0,4,354990420251220544,2026-04-01,São José dos Campos,,1.0529422,725419,17.7635571428571,96.5241714285714,0,0,2,84.3798428571429,66.9127857142857,20.8759714285714,24.7803571428571,415,,,,,235967
1741478400000,202511,1544.0,1544,1544.0,1544,0.44308424,212.84251,0,4,354990420251120536,2026-03-24,São José dos Campos,,0.9948683,725419,19.4983857142857,95.9974428571429,1,0,2,81.1766,59.9984,23.0922857142857,27.7181428571429,346,,,,,235967
1740873600000,202510,1512.0,1512,1512.0,1512,0.38469136,208.43126,0,4,354990420251020529,2026-03-17,São José dos Campos,,0.98942316,725419,18.0042714285714,92.5675857142857,1,0,2,70.0857285714286,41.9574857142857,23.4399857142857,29.0996857142857,319,,,,,235967
1740268800000,202509,1565.0,1565,1565.0,1565,0.99941087,215.73738,0,4,354990420250920522,2026-03-10,São José dos Campos,,1.1269006,725419,18.4151857142857,93.9798142857143,1,1,2,72.9275428571429,46.5259,23.7852857142857,28.9904142857143,225,,,,,235967
1739664000000,202508,1632.0,1632,1632.0,1632,1.0,224.97343,0,4,354990420250820516,2026-03-04,São José dos Campos,,1.3912292,725419,20.1131142857143,92.7047857142857,1,1,2,76.4870857142857,56.8421285714286,24.6095142857143,29.1742571428571,130,,,,,235967
1739059200000,202507,1451.0,1451,1451.0,1451,1.0,200.02234,0,4,354990420250720508,2026-02-24,São José dos Campos,,1.4851317,725419,18.9396714285714,93.8631571428571,1,1,2,77.5068142857143,55.6886571428571,23.2725857142857,27.9576142857143,174,,,,,235967
1738454400000,202506,1135.0,1135,1135.0,1135,1.0,156.4613,0,3,354990420250620504,2026-02-20,São José dos Campos,,1.3663496,725419,19.4619428571429,94.1834,1,1,2,81.6348142857143,63.3517714285714,23.1286,27.0745571428571,142,,,,,235967
1737849600000,202505,966.0,966,966.0,966,1.0,133.16441,0,3,354990420250520495,2026-02-11,São José dos Campos,,1.321728,725419,19.8162142857143,96.7301428571429,1,1,2,89.3995714285714,77.6926857142857,21.9261,24.6653142857143,134,,,,,235967
1737244800000,202504,817.0,817,817.0,817,0.99998766,112.624565,0,3,354990420250420491,2026-02-07,São José dos Campos,,1.2465937,725419,19.8965857142857,91.282,1,1,1,75.6011857142857,58.6013142857143,24.5109428571429,28.9037,112,,,,,235967
1736640000000,202503,700.0,700,700.0,700,0.9998601,96.49596,0,3,354990420250320487,2026-02-03,São José dos Campos,,1.2266872,725419,17.9848142857143,93.9964714285714,0,1,1,81.6609714285714,65.0171571428571,21.2488714285714,25.2415428571429,61,,,,,235967
1736035200000,202502,697.0,697,697.0,697,1.0,96.082405,0,4,354990420250220460,2026-01-07,São José dos Campos,,1.3716302,725419,17.6798142857143,95.7794571428571,0,1,2,82.5213,64.4236142857143,21.0208285714286,25.2379714285714,72,,,,,235967
1735430400000,202501,560.0,560,560.0,560,0.9390138,77.19676,0,2,354990420250120460,2026-01-07,São José dos Campos,,1.0992178,725419,18.0405428571429,94.7348285714286,1,0,2,82.5887428571429,65.3971857142857,21.8218285714286,26.4286285714286,48,,,,,235967
1734825600000,202452,456.0,456,456.0,456,0.0017693321,62.86022,0,4,354990420245220438,2025-12-16,São José dos Campos,,0.831621,725419,19.3304571428571,95.1886285714286,1,0,1,86.3039,73.7151428571429,21.7503714285714,24.8384,29,,,,,235967
1734220800000,202451,495.0,495,495.0,495,0.0014833105,68.23643,0,4,354990420245120438,2025-12-16,São José dos Campos,,0.83488625,725419,18.2247,93.1933428571429,1,0,2,77.5887571428571,55.9006285714286,22.0782428571429,26.7548142857143,27,,,,,235967
1733616000000,202450,569.0,569,569.0,569,0.03905934,78.43742,0,4,354990420245020438,2025-12-16,São José dos Campos,,0.9032223,725419,18.4433285714286,95.3477,1,0,2,81.3932285714286,60.3564857142857,21.8030714285714,26.0453285714286,42,,,,,235967
1733011200000,202449,567.0,567,567.0,567,0.03239189,78.16173,0,4,354990420244920432,2025-12-10,São José dos Campos,,0.8987457,725419,19.4050142857143,94.4986571428571,1,0,2,80.6790285714286,62.7429571428571,22.7543714285714,26.9598428571429,29,,,,,235967
1732406400000,202448,682.0,682,682.0,682,0.98357695,94.01463,0,4,354990420244820425,2025-12-03,São José dos Campos,,1.1263832,725419,17.4740142857143,89.5727285714286,0,1,2,71.2792571428571,49.5779714285714,22.2966142857143,27.4360857142857,48,,,,,235967
1731801600000,202447,639.0,639,639.0,639,0.9505117,88.08702,0,4,354990420244720418,2025-11-26,São José dos Campos,,1.099081,725419,17.4668714285714,96.5608,0,1,2,80.4139285714286,58.7854142857143,21.3092,25.8260142857143,31,,,,,235967
1731196800000,202446,606.0,606,606.0,606,0.7922549,83.537926,0,4,354990420244620410,2025-11-18,São José dos Campos,,1.048456,725419,16.0073428571429,94.5257428571429,0,0,2,80.9531142857143,60.997,19.7505142857143,24.5155571428571,35,,,,,235967
1730592000000,202445,577.0,577,577.0,577,0.41057497,79.54024,0,4,354990420244520404,2025-11-12,São José dos Campos,,0.98682684,725419,18.7277428571429,95.7442428571429,1,0,2,87.3185571428571,72.0376714285714,20.8417428571429,23.9309428571429,31,,,,,235967
1729987200000,202444,552.0,552,552.0,552,0.3900726,76.093956,0,4,354990420244420396,2025-11-04,São José dos Campos,,0.9834138,725419,16.2744428571429,93.7130428571429,0,0,2,80.4353285714286,61.7246,19.8037857142857,24.2675,25,,,,,235967
1729382400000,202443,627.0,627,627.0,627,0.99939364,86.43281,0,4,354990420244320390,2025-10-29,São José dos Campos,,1.2112541,725419,18.3594142857143,93.8832714285714,1,1,2,82.2587428571429,65.9193285714286,21.6788714285714,25.9306857142857,32,,,,,235967
1728777600000,202442,583.0,583,583.0,583,0.99362904,80.36735,0,4,354990420244220381,2025-10-20,São José dos Campos,,1.1635387,725419,16.9014142857143,93.3335285714286,0,1,2,77.0033142857143,53.9854,20.9770428571429,26.1889571428571,27,,,,,235967
1728172800000,202441,493.0,493,493.0,493,0.34280154,67.960724,0,1,354990420244120376,2025-10-15,São José dos Campos,,0.9747156,725419,16.6916428571429,93.2043285714286,0,0,2,75.0353428571429,47.1656285714286,21.1921714285714,27.8493571428571,21,,,,,235967
1727568000000,202440,470.0,470,470.0,470,0.2066623,64.79014,0,1,354990420244020368,2025-10-07,São José dos Campos,,0.94871795,725419,16.5119571428571,87.1072571428572,0,0,1,68.4066142857143,42.1985714285714,21.5249285714286,28.0664,17,,,,,235967
1726963200000,202439,559.0,559,559.0,559,0.99570686,77.058914,0,1,354990420243920363,2025-10-02,São José dos Campos,,1.177861,725419,17.1991714285714,87.3802857142857,0,1,2,64.5478857142857,36.8078142857143,23.1511571428571,29.7637285714286,25,,,,,235967
1726358400000,202438,467.0,467,467.0,467,0.81695235,64.37659,0,1,354990420243820354,2025-09-23,São José dos Campos,,1.0618511,725419,15.5314,92.0379142857143,0,0,1,75.8933142857143,53.1182285714286,19.9154857142857,25.3144857142857,25,,,,,235967
1725753600000,202437,508.0,508,508.0,508,0.9986356,70.028496,0,1,354990420243720347,2025-09-16,São José dos Campos,,1.2183021,725419,15.4436428571429,69.3602,0,1,2,47.6120714285714,22.1333571428571,23.4888857142857,31.6241,32,,,,,235967
1725148800000,202436,442.0,442,442.0,442,0.7671035,60.930305,0,1,354990420243620340,2025-09-09,São José dos Campos,,1.0509027,725419,14.9169142857143,83.8063,0,0,1,64.5760857142857,35.3506428571429,21.2249857142857,29.0178428571429,26,,,,,235967
1724544000000,202435,364.0,364,364.0,364,0.022842523,50.1779,0,1,354990420243520333,2025-09-02,São José dos Campos,,0.8668836,725419,10.0485,93.3281285714286,0,0,1,73.9204714285714,47.7048285714286,15.4357571428571,21.8958142857143,18,,,,,235967
1723939200000,202434,471.0,471,471.0,471,0.90261436,64.92799,0,1,354990420243420328,2025-08-28,São José dos Campos,,1.0901259,725419,12.8193142857143,79.6458285714286,0,0,1,57.1896571428571,29.1404714285714,20.5434285714286,28.9119142857143,24,,,,,235967
1723334400000,202433,399.0,399,399.0,399,0.008016915,55.002693,0,1,354990420243320321,2025-08-21,São José dos Campos,,0.84909505,725419,8.02335714285714,90.6753,0,0,1,68.4834285714286,38.5682714285714,14.939,22.8560714285714,28,,,,,235967
1722729600000,202432,407.0,407,407.0,407,7.63833e-05,56.105507,0,4,354990420243220312,2025-08-12,São José dos Campos,,0.7793576,725419,13.1030714285714,84.8176142857143,0,0,1,65.7584857142857,42.5116428571429,18.7648428571429,24.8939428571429,19,,,,,235967
1722124800000,202431,487.0,487,487.0,487,9.525e-06,67.13361,0,4,354990420243120305,2025-08-05,São José dos Campos,,0.77347064,725419,12.2459428571429,88.4996714285714,0,0,2,70.5348571428571,43.6585714285714,17.747,24.0353142857143,117,,,,,235967
1721520000000,202430,507.0,507,507.0,507,0.0,69.89064,0,4,354990420243020298,2025-07-29,São José dos Campos,,0.60019886,725419,9.9304,89.9041714285714,0,0,2,66.8832285714286,35.8331142857143,16.6647714285714,23.9750142857143,351,,,,,235967
1720915200000,202429,539.0,539,539.0,539,0.0,74.30189,0,4,354990420242920292,2025-07-23,São José dos Campos,,0.45685083,725419,12.7093,95.9150142857143,0,0,2,78.4593857142857,51.3730428571429,16.9011857142857,22.1094714285714,283,,,,,235967
1720310400000,202428,830.0,830,830.0,830,0.0,114.41663,0,4,354990420242820284,2025-07-15,São José dos Campos,,0.5101922,725419,14.1284571428571,95.1144857142857,0,0,2,82.4444714285714,61.0154714285714,17.5690714285714,22.2410142857143,709,,,,,235967
1719705600000,202427,1057.0,1057,1057.0,1057,0.0,145.7089,0,4,354990420242720278,2025-07-09,São José dos Campos,,0.4879447,725419,11.9090285714286,91.7920428571429,0,0,2,76.5546428571429,54.3130428571429,16.3416285714286,21.7315,926,,,,,235967
1719100800000,202426,1681.0,1681,1681.0,1681,0.0,231.72815,0,4,354990420242620270,2025-07-01,São José dos Campos,,0.5927893,725419,13.5734714285714,88.1027142857143,0,0,2,69.6242714285714,42.9887571428571,18.8582142857143,25.4048142857143,1468,,,,,235967
1718496000000,202425,2007.0,2007,2007.0,2007,0.0,276.6677,0,4,354990420242520263,2025-06-24,São José dos Campos,,0.55440706,725419,10.1702428571429,87.6573285714286,0,0,2,65.4063142857143,35.5171,17.1015571428571,24.7854571428571,1546,,,,,235967
1717891200000,202424,2842.0,2842,2842.0,2842,0.0,391.7736,0,4,354990420242420256,2025-06-17,São José dos Campos,,0.60209864,725419,11.5797571428571,87.6531571428571,0,0,2,69.0982714285714,41.1144571428571,17.8601714285714,25.2262142857143,2186,,,,,235967
1717286400000,202423,3611.0,3611,3611.0,3611,0.0,497.78128,0,4,354990420242320249,2025-06-10,São José dos Campos,,0.5779771,725419,12.4277428571429,92.2403428571429,0,0,2,76.0447714285714,53.5828857142857,17.1080428571429,22.558,2392,,,,,235967
1716681600000,202422,4107.0,4107,4107.0,4107,0.0,566.1556,0,4,354990420242220242,2025-06-03,São José dos Campos,,0.5374965,725419,12.1496285714286,94.8927285714286,0,0,2,82.3513285714286,61.3367571428571,15.4253571428571,19.6198428571429,2735,,,,,235967
1716076800000,202421,6538.0,6538,6538.0,6538,0.0,901.2722,0,4,354990420242120236,2025-05-28,São José dos Campos,,0.76528794,725419,16.1837714285714,90.9650714285714,0,0,2,75.7938,51.0711714285714,20.2085,25.3614571428571,4287,,,,,235967
1715472000000,202420,8014.0,8014,8014.0,8014,0.0,1104.7408,0,4,354990420242020228,2025-05-20,São José dos Campos,,0.8688287,725419,15.7724428571429,88.5568857142857,0,0,2,70.4177,46.6477857142857,20.6771571428571,26.4369571428571,5464,,,,,235967
1714867200000,202419,8706.0,8706,8706.0,8706,0.0,1200.134,0,4,354990420241920224,2025-05-16,São José dos Campos,,0.8685539,725419,15.8918714285714,88.0817285714286,0,0,2,66.9709142857143,38.4025571428571,21.8626428571429,28.4317428571429,6073,,,,,235967
1714262400000,202418,9014.0,9014,9014.0,9014,0.0,1242.5922,0,4,354990420241820214,2025-05-06,São José dos Campos,,0.8293577,725419,16.4452285714286,89.2225,0,0,2,68.0167,41.6179428571429,22.6765428571429,28.9888857142857,6556,,,,,235967
1713657600000,202417,10101.0,10101,,10101,0.0,1392.4366,0,4,354990420241720207,2025-04-29,São José dos Campos,,0.88153553,725419,15.8882714285714,92.6561142857143,0,0,2,73.4927428571429,48.2613285714286,21.1432857142857,26.8133857142857,7506,,,,,235967
1713052800000,202416,10938.0,10938,,10938,0.0016053119,1507.8182,0,4,354990420241620201,2025-04-23,São José dos Campos,,0.9613128,725419,17.5259714285714,92.8521142857143,0,0,2,78.7881142857143,59.3892142857143,20.9641714285714,25.1548571428571,7858,,,,,235967
1712448000000,202415,11875.0,11875,,11875,1.0,1636.985,0,4,354990420241520193,2025-04-15,São José dos Campos,,1.1051438,725419,17.7804285714286,96.0891142857143,0,1,2,81.2877,60.3334285714286,21.4296,25.7979714285714,8480,,,,,235967
1711843200000,202414,12123.0,12123,,12123,1.0,1671.1721,0,4,354990420241420188,2025-04-10,São José dos Campos,,1.2309724,725419,17.3100857142857,94.9448857142857,0,1,2,77.0615428571429,52.3929285714286,22.0666428571429,27.0761571428571,8678,,,,,235967
1711238400000,202413,10103.0,10103,,10103,1.0,1392.7124,0,4,354990420241320179,2025-04-01,São José dos Campos,,1.2057061,725419,17.7811714285714,97.4579857142857,0,1,2,88.0813571428571,73.2304,20.1668857142857,23.2841571428571,7338,,,,,235967
1710633600000,202412,11048.0,11048,,11048,1.0,1522.9819,0,4,354990420241220172,2025-03-25,São José dos Campos,,1.618243,725419,19.9549285714286,95.6049857142857,1,1,2,84.4991571428571,69.3408714285714,23.3193142857143,27.1376714285714,7818,,,,,235967
1710028800000,202411,8086.0,8086,8086.0,8086,1.0,1114.6661,0,4,354990420241120165,2025-03-18,São José dos Campos,,1.446786,725419,19.6661714285714,95.0679285714286,1,1,2,79.4509714285714,58.1086714285714,23.8144285714286,28.3754285714286,5028,,,,,235967
1709424000000,202410,6661.0,6661,6661.0,6661,1.0,918.22797,0,4,354990420241020158,2025-03-11,São José dos Campos,,1.4652987,725419,19.5534142857143,95.1879,1,1,2,83.1539857142857,65.7791714285714,22.9664857142857,26.9170714285714,4422,,,,,235967
1708819200000,202409,5598.0,5598,5598.0,5598,1.0,771.69196,0,4,354990420240920154,2025-03-07,São José dos Campos,,1.560167,725419,20.0480142857143,96.7044142857143,1,1,2,83.7998142857143,65.3324428571429,23.4231142857143,27.8341,4157,,,,,235967
1708214400000,202408,4564.0,4564,4564.0,4564,1.0,629.1536,0,4,354990420240820145,2025-02-26,São José dos Campos,,1.6685314,725419,19.0256285714286,96.1146428571429,1,1,2,85.1726714285714,69.4119285714286,22.2756142857143,26.5050857142857,2059,,,,,235967
1707609600000,202407,3529.0,3529,3529.0,3529,1.0,486.47748,0,4,354990420240720137,2025-02-18,São José dos Campos,,1.7567387,725419,19.2610714285714,94.8501285714286,1,1,2,81.7569285714286,65.5762571428571,22.6176714285714,26.3869571428571,1141,,,,,235967
1707004800000,202406,2748.0,2748,2748.0,2748,1.0,378.81555,0,4,354990420240620130,2025-02-11,São José dos Campos,,1.8876463,725419,18.6284285714286,94.2258428571429,1,1,2,77.5222428571429,55.0896142857143,23.0816285714286,28.0056285714286,776,,,,,235967
1706400000000,202405,1896.0,1896,1896.0,1896,1.0,261.36618,0,4,354990420240520123,2025-02-04,São José dos Campos,,1.8179345,725419,17.8181428571429,94.8653714285714,0,1,2,80.5381571428571,60.9044142857143,21.9476142857143,26.5030857142857,542,,,,,235967
1705795200000,202404,1391.0,1391,1391.0,1391,1.0,191.75125,0,4,354990420240420117,2025-01-29,São José dos Campos,,1.9578099,725419,17.2218428571429,95.8096571428571,0,1,2,86.4767428571429,73.2777285714286,19.7324571428571,22.9693142857143,420,,,,,235967
1705190400000,202403,1060.0,1060,1060.0,1060,1.0,146.12245,0,3,354990420240320109,2025-01-21,São José dos Campos,,2.288061,725419,20.5101714285714,93.7015428571429,1,1,2,79.5013428571429,62.0503428571429,24.3462,28.5113857142857,289,,,,,235967
1704585600000,202402,645.0,645,645.0,645,1.0,88.91413,0,3,354990420240220096,2025-01-08,São José dos Campos,,2.0849524,725419,20.1629857142857,92.2183428571429,1,1,2,77.8751428571429,60.4774428571429,24.0261428571429,28.0278285714286,189,,,,,235967
1703980800000,202401,442.0,442,442.0,442,1.0,60.930305,0,2,354990420240120096,2025-01-08,São José dos Campos,,1.8251345,725419,18.5799571428571,93.9377857142857,1,1,1,80.6687,63.6785857142857,21.7442571428571,25.8246857142857,120,,,,,235967
1703376000000,202352,247.0,247,247.0,247,0.93021876,34.049286,0,3,354990420235220088,2024-12-31,São José dos Campos,,1.1473659,725419,18.8204142857143,91.4356,1,0,1,73.5142142857143,53.1885428571429,23.5736142857143,28.6719857142857,151,,,,,235967
1702771200000,202351,230.0,230,230.0,230,0.96405697,31.705814,0,3,354990420235120081,2024-12-24,São José dos Campos,,1.1914561,725419,18.9612571428571,94.5993428571429,1,1,1,76.2719285714286,51.2356571428571,23.2020571428571,28.3690428571429,121,,,,,235967
1702166400000,202350,233.0,233,233.0,233,0.99378425,32.11937,0,2,354990420235020074,2024-12-17,São José dos Campos,,1.2789395,725419,18.4588,93.7420285714286,1,1,1,77.027,54.3878,22.6067285714286,27.6278142857143,123,,,,,235967
1701561600000,202349,178.0,178,178.0,178,0.36217394,24.537542,0,2,354990420234920067,2024-12-10,São José dos Campos,,0.96368134,725419,19.9728142857143,95.2599857142857,1,0,1,80.7932285714286,62.7413428571429,23.6597,27.8299,77,,,,,235967
1700956800000,202348,174.0,174,174.0,174,0.26957402,23.986137,0,2,354990420234820060,2024-12-03,São José dos Campos,,0.937342,725419,18.5365428571429,95.4731428571429,1,0,1,82.7961857142857,64.6195857142857,22.0568571428571,26.6217,97,,,,,235967
1700352000000,202347,191.0,191,191.0,191,0.7022092,26.32961,0,1,354990420234720056,2024-11-29,São José dos Campos,,1.0565437,725419,19.1214142857143,94.8954285714286,1,0,1,84.3202,69.9690857142857,21.8322857142857,25.1857428571429,50,,,,,235967
1699747200000,202346,191.0,191,191.0,191,0.6857949,26.32961,0,1,354990420234620046,2024-11-19,São José dos Campos,,1.0513675,725419,21.3018571428571,86.358,1,0,1,65.1360285714286,39.4916857142857,26.8515857142857,33.6357571428571,12,,,,,235967
1699142400000,202345,182.0,182,182.0,182,0.2409915,25.08895,0,1,354990420234520039,2024-11-12,São José dos Campos,,0.9302458,725419,16.0250285714286,90.3966285714286,0,0,1,69.0911,42.8708714285714,21.6118,28.8192285714286,9,,,,,235967
1698537600000,202344,164.0,164,164.0,164,0.011084587,22.607624,0,1,354990420234420032,2024-11-05,São José dos Campos,,0.78839064,725419,19.3360285714286,94.8904428571429,1,0,1,81.5423571428571,60.8327571428571,22.3700714285714,27.1114,9,,,,,235967
1697932800000,202343,203.0,203,203.0,203,0.35175475,27.983828,0,1,354990420234320026,2024-10-30,São José dos Campos,,0.96330297,725419,18.5124571428571,92.5342571428571,1,0,1,79.2063142857143,58.3814,22.0773,27.6187,4,,,,,235967
1697328000000,202342,219.0,219,219.0,219,0.66688895,30.18945,0,1,354990420234220019,2024-10-23,São José dos Campos,,1.0424888,725419,17.5151571428571,93.3565,0,0,1,82.5298142857143,66.7755142857143,20.4457285714286,24.6895142857143,12,,,,,235967
1696723200000,202341,207.0,207,207.0,207,0.43523306,28.535233,0,1,354990420234120012,2024-10-16,São José dos Campos,,0.98417765,725419,18.1439285714286,94.6670571428571,1,0,1,83.5135142857143,66.7567714285714,20.9916142857143,25.2840285714286,10,,,,,235967
1696118400000,202340,216.0,216,216.0,216,0.62496394,29.775894,0,1,354990420234020005,2024-10-09,São José dos Campos,,1.0313401,725419,18.6175285714286,94.9448571428571,1,0,1,84.0615571428571,65.8219857142857,21.9939285714286,27.3101285714286,7,,,,,235967
1695513600000,202339,202.0,202,202.0,202,0.5999212,27.845976,0,3,354990420233919998,2024-10-02,São José dos Campos,,1.0256455,725419,17.9106714285714,91.9217857142857,0,0,1,75.3381285714286,53.9240857142857,22.2694285714286,28.2491571428571,7,,,,,235967
1694908800000,202338,226.0,226,226.0,226,0.99547595,31.15441,0,3,354990420233819990,2024-09-24,São José dos Campos,,1.2993829,725419,17.4124571428571,87.0995142857143,0,1,1,65.2405714285714,36.7634285714286,23.6108571428571,31.2908,9,,,,,235967
1694304000000,202337,200.0,200,200.0,200,0.9940998,27.570272,0,3,354990420233719984,2024-09-18,São José dos Campos,,1.308657,725419,15.0456,89.0472428571429,0,1,1,69.0343714285714,45.4796428571429,20.6263285714286,27.2067428571429,6,,,,,235967
1693699200000,202336,180.0,180,180.0,180,0.974055,24.813246,0,1,354990420233619979,2024-09-13,São José dos Campos,,1.2411177,725419,16.5896428571429,90.8774857142857,0,1,1,74.7278428571429,52.7683142857143,21.2644428571429,27.2335714285714,10,,,,,235967
1693094400000,202335,136.0,136,136.0,136,0.37561277,18.747786,0,1,354990420233519969,2024-09-03,São José dos Campos,,0.96269,725419,13.1263571428571,94.5732571428571,0,0,0,81.8233285714286,61.0855,16.8706428571429,22.3339,6,,,,,235967
1692489600000,202334,147.0,147,147.0,147,0.8222832,20.26415,0,1,354990420233419962,2024-08-27,São José dos Campos,,1.1170002,725419,14.8124428571429,86.3427571428571,0,0,1,68.0855714285714,46.9296,20.0573428571429,26.3449,7,,,,,235967
1691884800000,202333,149.0,149,149.0,149,0.9580444,20.539854,0,1,354990420233319956,2024-08-21,São José dos Campos,,1.2346123,725419,15.4955571428571,90.2197571428571,0,1,1,75.8421428571429,53.6265714285714,19.4033857142857,24.7299714285714,6,,,,,235967
1691280000000,202332,133.0,133,133.0,133,0.84269214,18.334232,0,1,354990420233219949,2024-08-14,São José dos Campos,,1.1355089,725419,14.4582714285714,90.4979571428571,0,0,0,71.6077428571429,45.4519428571429,19.6826428571429,26.6991428571429,3,,,,,235967
1690675200000,202331,115.0,115,115.0,115,0.22566517,15.852907,0,1,354990420233119941,2024-08-06,São José dos Campos,,0.90774924,725419,12.0268857142857,95.0416714285714,0,0,0,76.6088857142857,45.9584,17.3558285714286,25.1542714285714,8,,,,,235967
1690070400000,202330,115.0,115,115.0,115,0.013411234,15.852907,0,1,354990420233019934,2024-07-30,São José dos Campos,,0.7615975,725419,13.3102714285714,89.9740428571429,0,0,0,73.8915285714286,47.3774857142857,18.1600571428571,24.7337714285714,6,,,,,235967
1689465600000,202329,112.0,112,112.0,112,2.71817e-05,15.439353,0,1,354990420232919928,2024-07-24,São José dos Campos,,0.62008756,725419,12.9969285714286,93.4896857142857,0,0,0,81.1177428571429,61.1307428571429,16.6554857142857,21.9736857142857,8,,,,,235967
1688860800000,202328,154.0,154,154.0,154,0.0031223292,21.22911,0,1,354990420232819919,2024-07-15,São José dos Campos,,0.74860644,725419,13.5416571428571,89.4880714285714,0,0,1,72.5771857142857,45.3092285714286,17.8538285714286,23.5826,7,,,,,235967
1688256000000,202327,180.0,180,180.0,180,0.020786513,24.813246,0,1,354990420232719913,2024-07-09,São José dos Campos,0,0.81553495,725419,13.4285714285714,86.55427,0,0,1,82.2456014285714,76.7574581428571,14.3,15.2857142857143,13,,,,,235967
1687651200000,202326,216.0,216,216.0,216,0.12798756,29.775894,0,1,354990420232619905,2024-07-01,São José dos Campos,0,0.89911675,725419,16.5714285714286,82.8459457142857,0,0,1,81.7664357142857,80.5231514285714,16.8285714285714,17.1428571428571,18,,,,,235967
1687046400000,202325,227.0,227,227.0,227,0.0055455132,31.29226,0,1,354990420232519898,2024-06-24,São José dos Campos,0,0.79838425,725419,13.2857142857143,92.1827885714286,0,0,1,87.8096427142857,83.13386,13.9642857142857,14.7142857142857,23,,,,,235967
1686441600000,202324,212.0,212,212.0,212,1.34e-08,29.22449,0,1,354990420232419884,2024-06-10,São José dos Campos,,0.6194779,725419,13.1929,95.8876571428571,0,0,1,85.2781571428571,68.6615571428571,16.5284142857143,20.8030142857143,21,,,,,235967
1685836800000,202323,283.0,283,283.0,283,8.3443e-06,39.011936,0,1,354990420232319884,2024-06-10,São José dos Campos,,0.71690357,725419,10.5038714285714,95.6905142857143,0,0,1,77.6708714285714,48.4480428571429,16.1365857142857,23.8123428571429,23,,,,,235967
1685232000000,202322,347.0,347,347.0,347,0.0006885354,47.834423,0,1,354990420232219877,2024-06-03,São José dos Campos,0,0.79513437,725419,16.6666666666667,91.8004488148148,0,0,1,90.0982165185185,88.3959834814815,16.9938271111111,17.2222222222222,31,,,,,235967
1684627200000,202321,406.0,406,406.0,406,0.028413285,55.967655,0,1,354990420232119870,2024-05-27,São José dos Campos,0,0.87865466,725419,15.2727272727273,92.3451670909091,0,0,1,76.3147334090909,60.8346204090909,19.3536093636364,22.3181818181818,35,,,,,235967
1684022400000,202320,433.0,433,433.0,433,0.21429996,59.68964,0,1,354990420232019863,2024-05-20,São José dos Campos,0,0.9483186,725419,13.6315789473684,90.6669391578947,0,0,1,85.7864683684211,80.4407170526316,14.7050224210526,15.7894736842105,64,,,,,235967
1683417600000,202319,493.0,493,493.0,493,0.9687789,67.960724,0,1,354990420231919856,2024-05-13,São José dos Campos,0,1.1300913,725419,18.8571428571429,88.28366,1,1,2,83.7363722857143,78.10014,19.432773,20.1428571428571,79,,,,,235967
1682812800000,202318,472.0,472,472.0,472,0.84412956,65.06584,0,1,354990420231819849,2024-05-06,São José dos Campos,0,1.069219,725419,19.2592592592593,91.691397037037,1,0,1,89.6123274074074,87.5332577777778,19.7407407407407,20.1481481481481,64,,,,,235967
1682208000000,202317,419.0,419,419.0,419,0.055908658,57.759724,0,1,354990420231719842,2024-04-29,São José dos Campos,0,0.8986075,725419,15.5454545454545,95.0187490909091,0,0,1,77.2538606363636,55.1915011818182,20.6106659090909,25.1818181818182,75,,,,,235967
1681603200000,202316,405.0,405,405.0,405,0.009388621,55.829803,0,1,354990420231619835,2024-04-22,São José dos Campos,0,0.853304,725419,16.1428571428571,94.7613185714286,0,0,1,72.172364,48.197072,21.3760505714286,26.1428571428571,68,,,,,235967
1680998400000,202315,522.0,522,522.0,522,0.7853133,71.95841,0,2,354990420231519828,2024-04-15,São José dos Campos,0,1.0507509,725419,18.2857142857143,95.6957291428571,1,0,2,79.3976657142857,63.0763254285714,21.8991595714286,25.7142857142857,64,,,,,235967
1680393600000,202314,456.0,456,456.0,456,0.017925363,62.86022,0,2,354990420231419821,2024-04-08,São José dos Campos,0,0.87429565,725419,18.5714285714286,95.672432,1,0,1,81.4689165714286,67.2665581428571,21.529412,24.7142857142857,82,,,,,235967
1679788800000,202313,449.0,449,449.0,449,0.22652186,61.895264,0,4,354990420231319815,2024-04-02,São José dos Campos,0,0.9517609,725419,21.1481481481481,89.2530488888889,1,0,1,80.4791146296296,68.8679274074074,22.8997821111111,24.962962962963,74,,,,,235967
1679184000000,202312,623.0,623,623.0,623,1.0,85.8814,0,3,354990420231219809,2024-03-27,São José dos Campos,0,1.653449,725419,19.2857142857143,95.7473548571429,1,1,2,76.348573,56.8466075714286,23.7478988571429,28,110,,,,,235967
1678579200000,202311,498.0,498,498.0,498,1.0,68.64998,0,3,354990420231119801,2024-03-19,São José dos Campos,0,1.6360538,725419,21,90.3886461538462,1,1,2,89.1585669230769,87.9284876923077,21.1538461538462,21.3076923076923,71,,,,,235967
1677974400000,202310,330.0,330,330.0,330,0.99954706,45.49095,0,3,354990420231019795,2024-03-13,São José dos Campos,0,1.3186651,725419,20.9259259259259,91.5734411111111,1,1,1,89.7050585185185,87.8366788888889,21.2037037037037,21.4814814814815,42,,,,,235967
1677369600000,202309,317.0,317,317.0,317,0.9999989,43.698883,0,3,354990420230919787,2024-03-05,São José dos Campos,0,1.5178974,725419,21.6296296296296,89.5720634814815,1,1,1,88.4728194074074,87.3735768148148,21.9074074074074,22.1851851851852,42,,,,,235967
1676764800000,202308,250.0,250,250.0,250,0.9989648,34.46284,0,2,354990420230819780,2024-02-27,São José dos Campos,0,1.344979,725419,20,94.9452828571429,1,1,1,81.2188192857143,62.6297158571429,23.1008402857143,27.4285714285714,36,,,,,235967
1676160000000,202307,186.0,186,186.0,186,0.8281529,25.640354,0,2,354990420230719774,2024-02-21,São José dos Campos,0,1.1058005,725419,22.8636363636364,85.1468479090909,1,0,1,81.1110946363636,77.111965,23.4090909090909,23.9545454545455,23,,,,,235967
1675555200000,202306,197.0,197,197.0,197,0.9932493,27.15672,0,2,354990420230619768,2024-02-15,São José dos Campos,0,1.3043071,725419,21.4285714285714,95.9171528571429,1,1,1,95.5211371428571,95.1251228571429,21.5,21.5714285714286,24,,,,,235967
1674950400000,202305,165.0,165,165.0,165,0.94173783,22.610886,0,2,354990420230519760,2024-02-07,São José dos Campos,0,1.197849,729737,21.4285714285714,97.6443042857143,1,0,1,93.9513435714286,86.2083785714286,22.2941175714286,23.8571428571429,15,,,,,235967
1674345600000,202304,153.0,153,153.0,153,0.95229954,20.966457,0,2,354990420230419752,2024-01-30,São José dos Campos,0,1.2215716,729737,22.2857142857143,82.1369601428571,1,1,1,81.7921544285714,81.4473501428571,22.2857142857143,22.2857142857143,18,,,,,235967
1673740800000,202303,129.0,129,129.0,129,0.9872293,17.6776,0,2,354990420230319748,2024-01-26,São José dos Campos,0,1.3486192,729737,22.5714285714286,90.2578351428571,1,0,0,89.8274422857143,89.3970508571429,22.5714285714286,22.5714285714286,12,,,,,235967
1673136000000,202302,138.0,138,138.0,138,1.0,18.910923,0,2,354990420230219748,2024-01-26,São José dos Campos,0,2.610448,729737,20.1428571428571,97.5060342857143,1,0,0,86.3367915714286,72.2780985714286,22.579832,24.8571428571429,12,,,,,235967
1672531200000,202301,119.0,119,119.0,119,1.0,16.307245,0,1,354990420230119741,2024-01-19,São José dos Campos,0,3.181224,729737,18.4285714285714,99.1579742857143,1,0,0,83.69571,68.3219757142857,21.7815125714286,24.7142857142857,11,,,,,235967
