SE,casos_est,casos,p_rt1,p_inc100k,tempmin,tempmed,tempmax,umidmin,umidmed,umidmax,tempmed_lag2,tempmed_lag4,umidmed_lag2,umidmed_lag4,casos_lag1,casos_lag2
202005,140.0,140,0.78064483,19.184994,18.7142857142857,24.2678568571429,31.7142857142857,37.238269,67.1477718571429,91.4479985714286,23.315476,22.215278,78.9110898571429,78.5820341666667,122.0,126.0
202006,194.0,194,0.99974406,26.58492,20.4285714285714,21.9380954285714,24.5714285714286,73.5955671428571,86.4307681428571,92.4182357142857,21.595238,24.645238,75.9803015714286,77.8205471428571,140.0,122.0
202007,239.0,239,0.9999942,32.751526,19.1428571428571,19.9428571428571,21.0,80.8121337142857,86.3483657142857,90.7263562857143,24.2678568571429,23.315476,67.1477718571429,78.9110898571429,194.0,140.0
202008,271.0,271,0.999908,37.136665,20.7142857142857,21.5948051428571,22.8571428571429,80.73869,89.3782935714286,94.0248714285714,21.9380954285714,21.595238,86.4307681428571,75.9803015714286,239.0,194.0
202009,320.0,320,0.99989146,43.851414,18.5714285714286,19.6969697142857,21.2857142857143,80.8948155714286,87.4736234285714,92.2768048571429,19.9428571428571,24.2678568571429,86.3483657142857,67.1477718571429,271.0,239.0
202010,427.0,427,1.0,58.514233,17.2857142857143,18.8495671428571,21.2857142857143,70.614285,84.5552737142857,93.0678505714286,21.5948051428571,21.9380954285714,89.3782935714286,86.4307681428571,320.0,271.0
202011,481.0,481,0.9999998,65.91416,18.5714285714286,20.6948048571429,23.5714285714286,64.2444895714286,78.9517928571429,89.0722205714286,19.6969697142857,19.9428571428571,87.4736234285714,86.3483657142857,427.0,320.0
202012,256.0,256,2.87e-08,35.08113,20.7142857142857,23.0946968571429,27.5714285714286,54.7409104285714,77.9361862857143,89.1981842857143,18.8495671428571,21.5948051428571,84.5552737142857,89.3782935714286,481.0,427.0
202013,173.0,173,0.0,23.70717,16.2857142857143,21.5576438571429,27.0,37.9972174285714,66.2649162857143,90.5024734285714,20.6948048571429,19.6969697142857,78.9517928571429,87.4736234285714,256.0,481.0
202014,180.0,180,6.07e-08,24.66642,18.4285714285714,23.360902,28.7142857142857,46.0270534285714,70.4280137142857,88.4806178571429,23.0946968571429,18.8495671428571,77.9361862857143,84.5552737142857,173.0,256.0
202015,152.0,152,0.0010037818,20.829422,17.2857142857143,21.1879701428571,25.7142857142857,47.222031,68.8606525714286,88.172668,21.5576438571429,20.6948048571429,66.2649162857143,78.9517928571429,180.0,173.0
202016,179.0,179,0.56068856,24.529385,16.7142857142857,20.9398492857143,25.1428571428571,52.1989022857143,69.2787602857143,88.0639371428571,23.360902,23.0946968571429,70.4280137142857,77.9361862857143,152.0,180.0
202017,173.0,173,0.6196668,23.70717,15.7142857142857,20.902256,27.1428571428571,38.3032458571429,68.1205567142857,90.5544714285714,21.1879701428571,21.5576438571429,68.8606525714286,66.2649162857143,179.0,152.0
202018,186.0,186,0.7927097,25.488634,14.4285714285714,21.320489,27.8571428571429,31.9326052857143,64.1542374285714,92.1182205714286,20.9398492857143,23.360902,69.2787602857143,70.4280137142857,173.0,179.0
202019,161.0,161,0.22128543,22.062742,13.8571428571429,18.757519,24.1428571428571,43.6851764285714,68.3149265714286,89.6106685714286,20.902256,21.1879701428571,68.1205567142857,68.8606525714286,186.0,173.0
202020,190.0,190,0.7739197,26.036777,13.1428571428571,18.8016188571429,24.7142857142857,42.8619967142857,69.1186658571429,92.0132954285714,21.320489,20.9398492857143,64.1542374285714,69.2787602857143,161.0,186.0
202021,173.0,173,0.46351895,23.70717,15.2857142857143,20.7508768571429,26.1428571428571,37.4121761428571,65.2233168571429,89.8125242857143,18.757519,20.902256,68.3149265714286,68.1205567142857,190.0,161.0
202022,114.0,114,0.0002056925,15.6220665,9.14285714285714,16.3993317142857,23.4285714285714,31.8338237142857,59.0383171428571,88.0142227142857,18.8016188571429,21.320489,69.1186658571429,64.1542374285714,173.0,190.0
202023,154.0,154,0.35823968,21.103493,14.1428571428571,19.1353382857143,24.4285714285714,49.2303324285714,72.2397594285714,94.7176155714286,20.7508768571429,18.757519,65.2233168571429,68.3149265714286,114.0,173.0
202024,160.0,160,0.81727296,21.925707,15.8571428571429,21.9556702857143,28.1428571428571,44.8605201428571,71.1102211428571,93.851442,16.3993317142857,18.8016188571429,59.0383171428571,69.1186658571429,154.0,114.0
202025,150.0,150,0.5911405,20.555351,14.2857142857143,19.3785857142857,24.2857142857143,48.2523554285714,69.575941,90.4392151428571,19.1353382857143,20.7508768571429,72.2397594285714,65.2233168571429,160.0,154.0
202026,131.0,131,0.11183165,17.951674,13.4285714285714,19.3371972857143,24.2857142857143,45.392652,66.7916347142857,90.3152185714286,21.9556702857143,16.3993317142857,71.1102211428571,59.0383171428571,150.0,160.0
202027,134.0,134,0.23031521,18.36278,12.5714285714286,17.0813044285714,21.7142857142857,48.0434128571429,71.0798792857143,90.6147198571429,19.3785857142857,19.1353382857143,69.575941,72.2397594285714,131.0,150.0
202028,143.0,143,0.61654174,19.596102,14.2857142857143,19.2042238571429,24.0,48.0154752857143,68.0562237142857,86.7873914285714,19.3371972857143,21.9556702857143,66.7916347142857,71.1102211428571,134.0,131.0
202029,101.0,101,0.015288514,13.840603,14.2857142857143,19.2777274285714,24.1428571428571,48.7853325714286,69.1885321428571,88.7644885714286,17.0813044285714,19.3785857142857,71.0798792857143,69.575941,143.0,134.0
202030,108.0,108,0.10136573,14.799852,12.1428571428571,19.9900791428571,26.0,31.3409062857143,58.6083085714286,89.6747972857143,19.2042238571429,19.3371972857143,68.0562237142857,66.7916347142857,101.0,143.0
202031,63.0,63,8.64334e-05,8.633247,15.2857142857143,19.7607961428571,24.2857142857143,42.5074802857143,65.9909328571429,87.3068114285714,19.2777274285714,17.0813044285714,69.1885321428571,71.0798792857143,108.0,101.0
202032,73.0,73,0.043899737,10.003604,11.7142857142857,17.5580127142857,23.8571428571429,34.5814717142857,65.7632221428571,89.3643202857143,19.9900791428571,19.2042238571429,58.6083085714286,68.0562237142857,63.0,108.0
202033,79.0,79,0.49045318,10.825818,14.2857142857143,21.9010517142857,27.8571428571429,28.211996,52.1989224285714,82.8106214285714,19.7607961428571,19.2777274285714,65.9909328571429,69.1885321428571,73.0,63.0
202034,54.0,54,0.04750225,7.399926,14.8571428571429,16.9302421428571,19.7142857142857,70.526222,82.66993,91.2847257142857,17.5580127142857,19.9900791428571,65.7632221428571,58.6083085714286,79.0,73.0
202035,66.0,66,0.3748807,9.044354,11.0,17.8455654285714,23.7142857142857,36.7322607142857,63.6178028571429,89.9478818571428,21.9010517142857,19.7607961428571,52.1989224285714,65.9909328571429,54.0,79.0
202036,61.0,61,0.3885226,8.359176,16.0,22.0268871428571,27.5714285714286,38.3530594285714,61.5746562857143,85.6117157142857,16.9302421428571,17.5580127142857,82.66993,65.7632221428571,66.0,54.0
202037,77.0,77,0.88408357,10.551746,18.8571428571429,24.7489554285714,31.2857142857143,28.1520858571429,57.9410098571429,84.3754094285714,17.8455654285714,21.9010517142857,63.6178028571429,52.1989224285714,61.0,66.0
202038,64.0,64,0.4415769,8.770283,18.0,24.2280705714286,29.8571428571429,32.3218188571429,54.246226,80.6413142857143,22.0268871428571,16.9302421428571,61.5746562857143,82.66993,77.0,61.0
202039,73.0,73,0.64081645,10.003604,16.8571428571429,19.9154014285714,23.4285714285714,56.28703,73.8093911428571,87.4521048571429,24.7489554285714,17.8455654285714,57.9410098571429,63.6178028571429,64.0,77.0
202040,76.0,76,0.7048562,10.414711,20.5714285714286,26.5490357142857,32.7142857142857,32.7099705714286,54.5006367142857,79.9635994285714,24.2280705714286,22.0268871428571,54.246226,61.5746562857143,73.0,64.0
202041,52.0,52,0.04858147,7.125855,20.0,24.3730158571429,29.4285714285714,50.6921694285714,70.073539,88.5155685714286,19.9154014285714,24.7489554285714,73.8093911428571,57.9410098571429,76.0,73.0
202042,57.0,57,0.17353046,7.8110332,16.0,20.799093,25.2857142857143,47.8176184285714,65.5690062857143,84.2100245714286,26.5490357142857,24.2280705714286,54.5006367142857,54.246226,52.0,76.0
202043,68.0,68,0.73681676,9.318426,18.0,22.2328738571429,27.4285714285714,43.8666792857143,66.0231578571428,84.3871031428571,24.3730158571429,19.9154014285714,70.073539,73.8093911428571,57.0,52.0
202044,52.0,52,0.25177526,7.125855,17.5714285714286,22.6993707142857,28.2857142857143,40.9744525714286,66.2031337142857,88.9595434285714,20.799093,26.5490357142857,65.5690062857143,54.5006367142857,68.0,57.0
202045,55.0,55,0.3322277,7.536962,14.7142857142857,18.2464497142857,22.2857142857143,47.4274094285714,66.8677618571429,84.910245,22.2328738571429,24.3730158571429,66.0231578571428,70.073539,52.0,68.0
202046,60.0,60,0.60728157,8.22214,18.7142857142857,22.732272,28.5714285714286,48.2449745714286,74.1171902857143,90.7346214285714,22.6993707142857,20.799093,66.2031337142857,65.5690062857143,55.0,52.0
202047,63.0,63,0.7286165,8.633247,18.1428571428571,21.6116025714286,25.0,58.0224171428571,73.4103751428571,89.9003542857143,18.2464497142857,22.2328738571429,66.8677618571429,66.0231578571428,60.0,55.0
202048,63.0,63,0.64160746,8.633247,19.0,23.5530348571429,28.8571428571429,40.1411582857143,63.3240498571429,82.9009931428571,22.732272,22.6993707142857,74.1171902857143,66.2031337142857,63.0,60.0
202049,88.0,88,0.9801897,12.059139,19.2,23.5530348571429,28.8571428571429,40.1411582857143,63.3240498571429,82.9009931428571,21.6116025714286,18.2464497142857,73.4103751428571,66.8677618571429,63.0,63.0
202050,83.0,83,0.8609985,11.3739605,19.4,23.5530348571429,28.8571428571429,40.1411582857143,63.3240498571429,82.9009931428571,23.5530348571429,22.732272,63.3240498571429,74.1171902857143,88.0,63.0
202051,74.0,74,0.3692806,10.140639,19.6,23.5530348571429,28.8571428571429,40.1411582857143,63.3240498571429,82.9009931428571,23.5530348571429,21.6116025714286,63.3240498571429,73.4103751428571,83.0,88.0
202052,63.0,63,0.08378794,8.633247,19.8,23.5530348571429,28.8571428571429,40.1411582857143,63.3240498571429,82.9009931428571,23.5530348571429,23.5530348571429,63.3240498571429,63.3240498571429,74.0,83.0
202053,62.0,62,0.16608985,8.496212,20.0,23.23839,27.5,56.2287165,76.781333,93.996635,23.5530348571429,23.5530348571429,63.3240498571429,63.3240498571429,63.0,74.0
202101,65.0,65,0.8593416,8.907319,20.2857142857143,24.6390977142857,30.1428571428571,47.0900212857143,70.859705,90.85053,23.5530348571429,23.5530348571429,63.3240498571429,63.3240498571429,62.0,63.0
202102,82.0,82,0.9988996,11.236925,21.2857142857143,24.4740282857143,30.5714285714286,50.7814811428571,78.392002,93.2514642857143,23.23839,23.5530348571429,76.781333,63.3240498571429,65.0,62.0
202103,95.0,95,0.9974473,13.018389,21.1428571428571,26.2145561428571,31.5714285714286,38.7406251428571,64.5490247142857,87.7411885714286,24.6390977142857,23.5530348571429,70.859705,63.3240498571429,82.0,65.0
202104,78.0,78,0.5229673,10.688783,21.2857142857143,26.1214348571429,31.0,39.1844567142857,63.177207,83.8114122857143,24.4740282857143,23.23839,78.392002,76.781333,95.0,82.0
202105,81.0,81,0.3889739,11.09989,20.1428571428571,24.4015871428571,29.8571428571429,50.263611,74.4909665714286,93.2148914285714,26.2145561428571,24.6390977142857,64.5490247142857,70.859705,78.0,95.0
202106,79.0,79,0.38558757,10.825818,18.5714285714286,21.9310777142857,26.0,57.5784094285714,75.4205928571429,89.96037,26.1214348571429,24.4740282857143,63.177207,78.392002,81.0,78.0
202107,100.0,100,0.9193614,13.7035675,19.5714285714286,23.8784468571429,29.2857142857143,45.8131642857143,72.615598,91.6007914285714,24.4015871428571,26.2145561428571,74.4909665714286,64.5490247142857,79.0,81.0
202108,92.0,92,0.703097,12.607282,19.5714285714286,22.7100668571429,26.4285714285714,60.0776097142857,76.598198,90.1278442857143,21.9310777142857,26.1214348571429,75.4205928571429,63.177207,100.0,79.0
202109,131.0,131,0.9945264,17.951674,20.1428571428571,23.492732,27.1428571428571,55.5112768571429,75.2692014285714,91.5899728571429,23.8784468571429,24.4015871428571,72.615598,74.4909665714286,92.0,100.0
202110,154.0,154,0.99874145,21.103493,19.4285714285714,22.8723891428571,27.2857142857143,53.4315938571429,76.17013,92.3434362857143,22.7100668571429,21.9310777142857,76.598198,75.4205928571429,131.0,92.0
202111,192.0,192,0.9998409,26.310848,19.7142857142857,23.5614972857143,28.0,54.6209534285714,75.82589,92.3921285714286,23.492732,23.8784468571429,75.2692014285714,72.615598,154.0,131.0
202112,192.0,192,0.97551954,26.310848,20.0,25.5978041428571,31.4285714285714,35.6417915714286,66.7215834285714,93.1767534285714,22.8723891428571,22.7100668571429,76.17013,76.598198,192.0,154.0
202113,221.0,221,0.9805301,30.284883,18.1428571428571,22.7591078571429,28.4285714285714,45.0634418571429,71.0446722857143,93.1738777142857,23.5614972857143,23.492732,75.82589,75.2692014285714,192.0,192.0
202114,264.0,264,0.998623,36.177418,15.7142857142857,21.1082262857143,25.8571428571429,46.5471154285714,70.2885894285714,91.3336034285714,25.5978041428571,22.8723891428571,66.7215834285714,76.17013,221.0,192.0
202115,257.0,257,0.9373275,35.218166,16.0,21.0907267142857,26.1428571428571,45.2884902857143,66.9014524285714,88.9066328571429,22.7591078571429,23.5614972857143,71.0446722857143,75.82589,264.0,221.0
202116,220.0,220,0.13137905,30.147848,15.1428571428571,18.0499821428571,21.8571428571429,61.3878801428571,81.2184942857143,94.7797157142857,21.1082262857143,25.5978041428571,70.2885894285714,66.7215834285714,257.0,264.0
202117,207.0,207,0.041997354,28.366385,15.2857142857143,19.6219892857143,24.4285714285714,47.4018981428571,69.9743594285714,89.6169457142857,21.0907267142857,22.7591078571429,66.9014524285714,71.0446722857143,220.0,257.0
202118,191.0,191,0.044709094,26.173813,14.4285714285714,19.5413531428571,25.0,37.4515435714286,68.7049631428571,91.2832657142857,18.0499821428571,21.1082262857143,81.2184942857143,70.2885894285714,207.0,220.0
202119,208.0,208,0.4934108,28.50342,14.2857142857143,17.9765588571429,22.2857142857143,53.7338761428571,73.7234281428571,90.5095528571429,19.6219892857143,21.0907267142857,69.9743594285714,66.9014524285714,191.0,207.0
202120,156.0,156,0.012476596,21.377565,13.5714285714286,18.102637,23.5714285714286,46.7902188571429,74.6763885714286,94.62569,19.5413531428571,18.0499821428571,68.7049631428571,81.2184942857143,208.0,191.0
202121,163.0,163,0.091272734,22.336815,12.2857142857143,19.0687011428571,25.0,37.8819882857143,64.0389458571429,92.2024408571429,17.9765588571429,19.6219892857143,73.7234281428571,69.9743594285714,156.0,208.0
202122,153.0,153,0.151504,20.966457,14.4285714285714,19.5423187142857,25.0,47.9454515714286,73.3242922857143,94.7077914285714,18.102637,19.5413531428571,74.6763885714286,68.7049631428571,163.0,156.0
202123,123.0,123,0.016826266,16.855387,14.8571428571429,18.2974177142857,21.8571428571429,60.0338638571429,79.0822851428571,95.572582,19.0687011428571,17.9765588571429,64.0389458571429,73.7234281428571,153.0,163.0
202124,106.0,106,0.006379437,14.525782,12.5714285714286,15.1880895714286,18.4285714285714,60.0299825714286,78.0333327142857,91.1624077142857,19.5423187142857,18.102637,73.3242922857143,74.6763885714286,123.0,153.0
202125,99.0,99,0.032619294,13.566531,12.5714285714286,17.7173324285714,22.5714285714286,50.8728414285714,72.1248527142857,94.5643657142857,18.2974177142857,19.0687011428571,79.0822851428571,64.0389458571429,106.0,123.0
202126,74.0,74,0.0046395017,10.140639,9.28571428571429,15.6537447142857,21.2857142857143,39.4455025714286,65.6106262857143,91.1193112857143,15.1880895714286,19.5423187142857,78.0333327142857,73.3242922857143,99.0,106.0
202127,90.0,90,0.3495122,12.33321,12.1428571428571,16.0419432857143,20.4285714285714,47.6964494285714,71.6520501428571,89.4169977142857,17.7173324285714,18.2974177142857,72.1248527142857,79.0822851428571,74.0,99.0
202128,71.0,71,0.12434377,9.729532,10.1428571428571,17.8291564285714,24.0,36.8351657142857,62.9321452857143,91.1511185714286,15.6537447142857,15.1880895714286,65.6106262857143,78.0333327142857,90.0,74.0
202129,61.0,61,0.052999396,8.359176,8.71428571428571,14.6598997142857,20.4285714285714,31.7986908571429,61.2795725714286,91.9988985714286,16.0419432857143,17.7173324285714,71.6520501428571,72.1248527142857,71.0,90.0
202130,64.0,64,0.22598037,8.770283,6.85714285714286,13.9781807142857,20.0,37.1828531428571,62.0697715714286,88.3442505714286,17.8291564285714,15.6537447142857,62.9321452857143,65.6106262857143,61.0,71.0
202131,56.0,56,0.2001157,7.6739974,10.1428571428571,15.2041621428571,20.4285714285714,48.7926472857143,72.4530514285714,92.1904498571429,14.6598997142857,16.0419432857143,61.2795725714286,71.6520501428571,64.0,61.0
202132,86.0,86,0.9724173,11.785068,11.8571428571429,17.3116118571429,21.7142857142857,46.7954444285714,66.8611701428571,90.370805,13.9781807142857,17.8291564285714,62.0697715714286,62.9321452857143,56.0,64.0
202133,94.0,94,0.98256725,12.881353,13.7142857142857,20.7431078571429,27.1428571428571,31.6140747142857,59.269863,88.2178285714286,15.2041621428571,14.6598997142857,72.4530514285714,61.2795725714286,86.0,56.0
202134,99.0,99,0.9264341,13.566531,13.8571428571429,21.7715121428571,27.7142857142857,33.0216294285714,50.9068141428571,80.6986794285714,17.3116118571429,13.9781807142857,66.8611701428571,62.0697715714286,94.0,86.0
202135,81.0,81,0.24615487,11.09989,15.2857142857143,19.8292545714286,24.5714285714286,41.9272174285714,65.7031637142857,87.2512814285714,20.7431078571429,15.2041621428571,59.269863,72.4530514285714,99.0,94.0
202136,133.0,133,0.9954134,18.225744,17.7142857142857,21.8655461428571,27.2857142857143,47.6279347142857,71.3059115714286,89.8888928571428,21.7715121428571,17.3116118571429,50.9068141428571,66.8611701428571,81.0,99.0
202137,111.0,111,0.77799267,15.210959,17.2857142857143,22.6040102857143,29.1428571428571,37.7602822857143,65.226788,88.9383257142857,19.8292545714286,20.7431078571429,65.7031637142857,59.269863,133.0,81.0
202138,132.0,132,0.895327,18.088709,14.8571428571429,20.4063731428571,27.8571428571429,35.0741808571429,63.9541145714286,85.7495751428571,21.8655461428571,21.7715121428571,71.3059115714286,50.9068141428571,111.0,133.0
202139,108.0,108,0.23101306,14.799852,15.4285714285714,22.007519,29.0,34.949497,62.2298747142857,89.8784534285714,22.6040102857143,19.8292545714286,65.226788,65.7031637142857,132.0,111.0
202140,98.0,98,0.08124684,13.429496,16.8571428571429,19.9602547142857,25.2857142857143,55.6521095714286,76.6289205714286,89.866322,20.4063731428571,21.8655461428571,63.9541145714286,71.3059115714286,108.0,132.0
202141,95.0,95,0.1397646,13.018389,16.8571428571429,21.2048317142857,26.0,50.013253,72.91537,91.37344,22.007519,22.6040102857143,62.2298747142857,65.226788,98.0,108.0
202142,83.0,83,0.09955282,11.3739605,15.0,17.7557774285714,20.2857142857143,62.5505792857143,76.5093351428571,88.0904128571429,19.9602547142857,20.4063731428571,76.6289205714286,63.9541145714286,95.0,98.0
202143,72.0,72,0.058351178,9.866569,17.0,20.107237,23.2857142857143,64.6459834285714,79.0142037142857,91.4491171428571,21.2048317142857,22.007519,72.91537,62.2298747142857,83.0,95.0
202144,88.0,88,0.6183321,12.059139,17.2857142857143,20.5493695714286,24.4285714285714,54.992404,73.914956,89.767282,17.7557774285714,19.9602547142857,76.5093351428571,76.6289205714286,72.0,83.0
202145,86.0,86,0.67054045,11.785068,15.8571428571429,18.9354692857143,22.5714285714286,60.4528267142857,73.1649705714286,87.25045,20.107237,21.2048317142857,79.0142037142857,72.91537,88.0,72.0
202146,115.0,115,0.9850361,15.759102,17.1428571428571,21.9892857142857,26.4285714285714,45.0319368571429,63.9449128571429,84.3012428571429,20.5493695714286,17.7557774285714,73.914956,76.5093351428571,86.0,88.0
202147,95.0,95,0.56315047,13.018389,17.5714285714286,21.9616595714286,26.7142857142857,46.559302,67.4319512857143,85.9584442857143,18.9354692857143,20.107237,73.1649705714286,79.0142037142857,115.0,86.0
202148,110.0,110,0.73968595,15.073924,18.4285714285714,23.3042717142857,27.8571428571429,47.3371355714286,67.1999025714286,88.31125,21.9892857142857,20.5493695714286,63.9449128571429,73.914956,95.0,115.0
202149,118.0,118,0.83111835,16.17021,15.8571428571429,20.1839984285714,23.7142857142857,53.8703988571429,70.1239688571429,89.7205537142857,21.9616595714286,18.9354692857143,67.4319512857143,73.1649705714286,110.0,95.0
202150,162.0,162,0.9990828,22.19978,20.8571428571429,24.1347855714286,27.5714285714286,58.0938217142857,75.0594865714286,92.6063128571429,23.3042717142857,21.9892857142857,67.1999025714286,63.9449128571429,118.0,110.0
202151,139.0,139,0.78729624,19.047958,17.7142857142857,21.9028168571429,26.2857142857143,50.0832504285714,66.8097844285714,86.66528,20.1839984285714,21.9616595714286,70.1239688571429,67.4319512857143,162.0,118.0
202152,89.0,89,0.0005359351,12.196175,18.2857142857143,21.652871,25.7142857142857,57.2996634285714,76.3421385714286,90.6232785714286,24.1347855714286,23.3042717142857,75.0594865714286,67.1999025714286,139.0,162.0
202201,140.0,140,0.7160931,19.184994,20.0,22.8341101428571,26.2857142857143,62.2388808571429,78.9201161428571,92.4119142857143,21.9028168571429,20.1839984285714,66.8097844285714,70.1239688571429,89.0,139.0
202202,136.0,136,0.8473325,18.636852,18.5714285714286,22.1616437142857,26.7142857142857,60.7890114285714,79.3459078571429,94.0012714285714,21.652871,24.1347855714286,76.3421385714286,75.0594865714286,140.0,89.0
202203,123.0,123,0.44500586,16.855387,19.5714285714286,24.5886087142857,29.5714285714286,46.1628131428571,67.9134762857143,89.1315742857143,22.8341101428571,21.9028168571429,78.9201161428571,66.8097844285714,136.0,140.0
202204,75.0,75,0.0001030953,10.277676,20.1428571428571,24.2813217142857,29.1428571428571,52.8649745714286,73.5535338571429,90.0010191428571,22.1616437142857,21.652871,79.3459078571429,76.3421385714286,123.0,136.0
202205,119.0,119,0.6154393,16.307245,20.1428571428571,23.0607627142857,26.2857142857143,62.9813957142857,79.8245462857143,93.2149614285714,24.5886087142857,22.8341101428571,67.9134762857143,78.9201161428571,75.0,123.0
202206,101.0,101,0.47459024,13.840603,18.8571428571429,22.4452845714286,25.5714285714286,57.088995,70.8120047142857,87.7327771428571,24.2813217142857,22.1616437142857,73.5535338571429,79.3459078571429,119.0,75.0
202207,149.0,149,0.9969933,20.418316,18.8571428571429,23.3294117142857,28.4285714285714,44.3728248571429,69.8929734285714,90.749604,23.0607627142857,24.5886087142857,79.8245462857143,67.9134762857143,101.0,119.0
202208,136.0,136,0.8831171,18.636852,19.1428571428571,25.1344045714286,30.8571428571429,35.7184322857143,65.8534708571429,91.4920305714286,22.4452845714286,24.2813217142857,70.8120047142857,73.5535338571429,149.0,101.0
202209,134.0,134,0.57811385,18.36278,20.2857142857143,25.9703548571429,31.8571428571429,33.8141278571429,61.9796485714286,88.4838842857143,23.3294117142857,23.0607627142857,69.8929734285714,79.8245462857143,136.0,149.0
202210,220.0,220,0.9999868,30.147848,20.0,25.404622,31.2857142857143,38.0574811428571,65.1137578571429,89.9293385714286,25.1344045714286,22.4452845714286,65.8534708571429,70.8120047142857,134.0,136.0
202211,213.0,213,0.9972303,29.188599,20.5714285714286,23.7141382857143,28.0,57.4181288571429,77.8390518571429,93.2023185714286,25.9703548571429,23.3294117142857,61.9796485714286,69.8929734285714,220.0,134.0
202212,296.0,296,0.9999972,40.562557,17.7142857142857,22.4502468571429,27.4285714285714,49.3958967142857,69.9026435714286,89.7995271428571,25.404622,25.1344045714286,65.1137578571429,65.8534708571429,213.0,220.0
202213,358.0,358,0.9999997,49.05877,19.2857142857143,22.4149864285714,25.7142857142857,60.129454,77.2459522857143,92.3186205714286,23.7141382857143,25.9703548571429,77.8390518571429,61.9796485714286,296.0,213.0
202214,394.0,394,0.99996644,53.992054,19.0,22.367647,26.2857142857143,59.1713731428571,75.9422794285714,91.4917642857143,22.4502468571429,25.404622,69.9026435714286,65.1137578571429,358.0,296.0
202215,449.0,449,0.999864,61.52902,17.4285714285714,21.3869748571429,26.2857142857143,45.9612301428571,69.2541591428571,88.2123494285714,22.4149864285714,23.7141382857143,77.2459522857143,77.8390518571429,394.0,358.0
202216,623.0,623,1.0,85.37322,14.8571428571429,20.7531511428571,25.5714285714286,40.3205441428571,61.9612265714286,87.92655,22.367647,22.4502468571429,75.9422794285714,69.9026435714286,449.0,394.0
202217,627.0,627,0.9999954,85.921364,17.0,22.0050421428571,26.7142857142857,44.9021992857143,67.145021,88.9304991428571,21.3869748571429,22.4149864285714,69.2541591428571,77.2459522857143,623.0,449.0
202218,542.0,542,0.28290874,74.27333,16.1428571428571,20.0806821428571,24.0,51.4660364285714,71.7558111428571,90.5856948571429,20.7531511428571,22.367647,61.9612265714286,75.9422794285714,627.0,623.0
202219,427.0,427,5.703e-07,58.514233,14.5714285714286,18.2886758571429,23.1428571428571,51.7582038571429,74.3138414285714,91.2328742857143,22.0050421428571,21.3869748571429,67.145021,69.2541591428571,542.0,627.0
202220,360.0,360,1.02e-08,49.33284,11.1428571428571,15.3079834285714,19.5714285714286,41.152324,63.0079545714286,81.27062,20.0806821428571,20.7531511428571,71.7558111428571,61.9612265714286,427.0,542.0
202221,376.0,376,0.0075449967,51.525414,9.71428571428571,17.9663862142857,24.0,31.5971992857143,59.9937434285714,92.689854,18.2886758571429,22.0050421428571,74.3138414285714,67.145021,360.0,427.0
202222,388.0,388,0.45723376,53.16984,14.4285714285714,18.1579965714286,21.8571428571429,59.4245474285714,76.839858,92.0500891428571,15.3079834285714,20.0806821428571,63.0079545714286,71.7558111428571,376.0,360.0
202223,305.0,305,0.0044547687,41.79588,14.1428571428571,17.1593138571429,20.1428571428571,65.7189332857143,79.2541537142857,90.4511448571429,17.9663862142857,18.2886758571429,59.9937434285714,74.3138414285714,388.0,376.0
202224,265.0,265,0.0001395885,36.314453,9.57142857142857,14.2552395714286,19.7142857142857,45.1379085714286,71.0137097142857,91.0326057142857,18.1579965714286,15.3079834285714,76.839858,63.0079545714286,305.0,388.0
202225,274.0,274,0.040211186,37.547775,12.2857142857143,17.7159371428571,22.5714285714286,47.4249044285714,69.7243945714286,91.1341428571428,17.1593138571429,17.9663862142857,79.2541537142857,59.9937434285714,265.0,305.0
202226,201.0,201,0.0001682502,27.54417,12.0,17.3928101428571,22.7142857142857,43.3459261428571,66.8608301428571,90.4303477142857,14.2552395714286,18.1579965714286,71.0137097142857,76.839858,274.0,265.0
202227,195.0,195,0.004021078,26.721956,10.1428571428571,18.2788978571429,24.5714285714286,31.065346,59.738488,92.6922031428571,17.7159371428571,17.1593138571429,69.7243945714286,79.2541537142857,201.0,274.0
202228,168.0,168,0.005041218,23.021994,13.8571428571429,18.246989,22.2857142857143,47.415736,65.5548058571429,80.5011481428571,17.3928101428571,14.2552395714286,66.8608301428571,71.0137097142857,195.0,201.0
202229,155.0,155,0.024827221,21.24053,14.0,19.5094642857143,24.5714285714286,41.4168095714286,64.0755397142857,87.9916935714286,18.2788978571429,17.7159371428571,59.738488,69.7243945714286,168.0,195.0
202230,134.0,134,0.01671812,18.36278,11.7142857142857,18.1618244285714,24.1428571428571,38.0426342857143,61.9423312857143,87.6201748571429,18.246989,17.3928101428571,65.5548058571429,66.8608301428571,155.0,168.0
202231,120.0,120,0.023077175,16.44428,12.4285714285714,16.787115,20.8571428571429,50.0257862857143,70.0783012857143,88.6143628571429,19.5094642857143,18.2788978571429,64.0755397142857,59.738488,134.0,155.0
202232,148.0,148,0.7241036,20.281279,13.4285714285714,17.0668445714286,21.0,46.6967312857143,69.8267471428571,89.4993451428571,18.1618244285714,18.246989,61.9423312857143,65.5548058571429,120.0,134.0
202233,171.0,171,0.981906,23.4331,13.1428571428571,17.880798,22.7142857142857,40.252505,56.7765774285714,76.1623938571429,16.787115,19.5094642857143,70.0783012857143,64.0755397142857,148.0,120.0
202234,150.0,150,0.60339636,20.555351,13.5714285714286,18.0350137142857,21.7142857142857,42.8524908571429,61.5847437142857,82.5483878571429,17.0668445714286,18.1618244285714,69.8267471428571,61.9423312857143,171.0,148.0
202235,174.0,174,0.8279931,23.844208,10.5714285714286,15.4425768571429,19.5714285714286,50.1177674285714,67.2858354285714,82.6615192857143,17.880798,16.787115,56.7765774285714,70.0783012857143,150.0,171.0
202236,213.0,213,0.99484485,29.188599,14.1428571428571,20.4957985714286,25.7142857142857,33.6267018571429,53.2067912857143,78.0909995714286,18.0350137142857,17.0668445714286,61.5847437142857,69.8267471428571,174.0,150.0
202237,207.0,207,0.9282228,28.366385,14.1428571428571,15.6123248571429,17.2857142857143,67.5066705714286,79.3780294285714,88.7342914285714,15.4425768571429,17.880798,67.2858354285714,56.7765774285714,213.0,174.0
202238,202.0,202,0.5999394,27.681206,12.1428571428571,17.1792717142857,21.7142857142857,46.4120998571429,68.0430447142857,88.6591228571428,20.4957985714286,18.0350137142857,53.2067912857143,61.5847437142857,207.0,213.0
202239,174.0,174,0.07079142,23.844208,13.8571428571429,16.352591,19.1428571428571,68.7727077142857,80.8518665714286,91.1941357142857,15.6123248571429,15.4425768571429,79.3780294285714,67.2858354285714,202.0,207.0
202240,165.0,165,0.06275834,22.610886,16.8571428571429,20.5696078571429,24.8571428571429,50.2891128571429,69.155917,89.7286557142857,17.1792717142857,20.4957985714286,68.0430447142857,53.2067912857143,174.0,202.0
202241,143.0,143,0.024856146,19.596102,17.7142857142857,21.8739492857143,26.5714285714286,50.5860161428571,70.8111935714286,88.9823114285714,16.352591,15.6123248571429,80.8518665714286,79.3780294285714,165.0,174.0
202242,121.0,121,0.008543361,16.581316,17.8571428571429,21.7927671428571,26.1428571428571,49.1990384285714,69.5537531428571,88.2440662857143,20.5696078571429,17.1792717142857,69.155917,68.0430447142857,143.0,165.0
202243,144.0,144,0.49188924,19.733137,17.4285714285714,22.645705,27.4285714285714,47.0239748571429,66.398011,86.706636,21.8739492857143,16.352591,70.8111935714286,80.8518665714286,121.0,143.0
202244,130.0,130,0.3921643,17.814638,15.1428571428571,18.7204482142857,22.0,61.1050244285714,76.8981114285714,94.6880971428571,21.7927671428571,20.5696078571429,69.5537531428571,69.155917,144.0,121.0
202245,138.0,138,0.5933871,18.910923,15.7142857142857,19.662447,24.0,58.4976527142857,77.3753128571429,96.4519405714286,22.645705,21.8739492857143,66.398011,70.8111935714286,130.0,144.0
202246,155.0,155,0.87216747,21.24053,19.0,21.7620647142857,25.7142857142857,50.768236,69.0901907142857,84.0661785714286,18.7204482142857,21.7927671428571,76.8981114285714,69.5537531428571,138.0,130.0
202247,163.0,163,0.8953226,22.336815,17.8571428571429,21.1764707142857,24.8571428571429,61.6350287142857,78.8938008571428,96.5396077142857,19.662447,22.645705,77.3753128571429,66.398011,155.0,138.0
202248,127.0,127,0.09036429,17.40353,18.7142857142857,22.4005604285714,27.1428571428571,58.1074528571429,82.1704157142857,99.1263634285714,21.7620647142857,18.7204482142857,69.0901907142857,76.8981114285714,163.0,155.0
202249,115.0,115,0.024404265,15.759102,19.4285714285714,23.5929598571429,27.8571428571429,62.0995307142857,80.9295102857143,100.0,21.1764707142857,19.662447,78.8938008571428,77.3753128571429,127.0,163.0
202250,69.0,69,7.2718e-06,9.4554615,18.3333333333333,22.6811721666667,27.3333333333333,56.0423526666667,76.4401393333333,96.1608183333333,22.4005604285714,21.7620647142857,82.1704157142857,69.0901907142857,115.0,127.0
202251,0.0,0,0.0,0.0,19.0,21.460785,25.0,61.6517975,77.890685,93.95214,23.5929598571429,21.1764707142857,80.9295102857143,78.8938008571428,69.0,115.0
202252,33.0,33,0.0005981346,4.522177,20.6666666666667,22.4901963333333,24.6666666666667,78.0713266666667,87.3566616666667,98.0062533333333,22.6811721666667,22.4005604285714,76.4401393333333,82.1704157142857,0.0,69.0
202301,119.0,119,1.0,16.307245,18.4285714285714,21.7815125714286,24.7142857142857,68.3219757142857,83.69571,99.1579742857143,21.460785,23.5929598571429,77.890685,80.9295102857143,33.0,0.0
202302,138.0,138,1.0,18.910923,20.1428571428571,22.579832,24.8571428571429,72.2780985714286,86.3367915714286,97.5060342857143,22.4901963333333,22.6811721666667,87.3566616666667,76.4401393333333,119.0,33.0
202303,129.0,129,0.9872293,17.6776,22.5714285714286,22.5714285714286,22.5714285714286,89.3970508571429,89.8274422857143,90.2578351428571,21.7815125714286,21.460785,83.69571,77.890685,138.0,119.0
202304,153.0,153,0.95229954,20.966457,22.2857142857143,22.2857142857143,22.2857142857143,81.4473501428571,81.7921544285714,82.1369601428571,22.579832,22.4901963333333,86.3367915714286,87.3566616666667,129.0,138.0
202305,165.0,165,0.94173783,22.610886,21.4285714285714,22.2941175714286,23.8571428571429,86.2083785714286,93.9513435714286,97.6443042857143,22.5714285714286,21.7815125714286,89.8274422857143,83.69571,153.0,129.0
202306,197.0,197,0.9932493,27.15672,21.4285714285714,21.5,21.5714285714286,95.1251228571429,95.5211371428571,95.9171528571429,22.2857142857143,22.579832,81.7921544285714,86.3367915714286,165.0,153.0
202307,186.0,186,0.8281529,25.640354,22.8636363636364,23.4090909090909,23.9545454545455,77.111965,81.1110946363636,85.1468479090909,22.2941175714286,22.5714285714286,93.9513435714286,89.8274422857143,197.0,165.0
202308,250.0,250,0.9989648,34.46284,20.0,23.1008402857143,27.4285714285714,62.6297158571429,81.2188192857143,94.9452828571429,21.5,22.2857142857143,95.5211371428571,81.7921544285714,186.0,197.0
202309,317.0,317,0.9999989,43.698883,21.6296296296296,21.9074074074074,22.1851851851852,87.3735768148148,88.4728194074074,89.5720634814815,23.4090909090909,22.2941175714286,81.1110946363636,93.9513435714286,250.0,186.0
202310,330.0,330,0.99954706,45.49095,20.9259259259259,21.2037037037037,21.4814814814815,87.8366788888889,89.7050585185185,91.5734411111111,23.1008402857143,21.5,81.2188192857143,95.5211371428571,317.0,250.0
202311,498.0,498,1.0,68.64998,21.0,21.1538461538462,21.3076923076923,87.9284876923077,89.1585669230769,90.3886461538462,21.9074074074074,23.4090909090909,88.4728194074074,81.1110946363636,330.0,317.0
202312,623.0,623,1.0,85.8814,19.2857142857143,23.7478988571429,28.0,56.8466075714286,76.348573,95.7473548571429,21.2037037037037,23.1008402857143,89.7050585185185,81.2188192857143,498.0,330.0
202313,449.0,449,0.22652186,61.895264,21.1481481481481,22.8997821111111,24.962962962963,68.8679274074074,80.4791146296296,89.2530488888889,21.1538461538462,21.9074074074074,89.1585669230769,88.4728194074074,623.0,498.0
202314,456.0,456,0.017925363,62.86022,18.5714285714286,21.529412,24.7142857142857,67.2665581428571,81.4689165714286,95.672432,23.7478988571429,21.2037037037037,76.348573,89.7050585185185,449.0,623.0
202315,522.0,522,0.7853133,71.95841,18.2857142857143,21.8991595714286,25.7142857142857,63.0763254285714,79.3976657142857,95.6957291428571,22.8997821111111,21.1538461538462,80.4791146296296,89.1585669230769,456.0,449.0
202316,405.0,405,0.009388621,55.829803,16.1428571428571,21.3760505714286,26.1428571428571,48.197072,72.172364,94.7613185714286,21.529412,23.7478988571429,81.4689165714286,76.348573,522.0,456.0
202317,419.0,419,0.055908658,57.759724,15.5454545454545,20.6106659090909,25.1818181818182,55.1915011818182,77.2538606363636,95.0187490909091,21.8991595714286,22.8997821111111,79.3976657142857,80.4791146296296,405.0,522.0
202318,472.0,472,0.84412956,65.06584,19.2592592592593,19.7407407407407,20.1481481481481,87.5332577777778,89.6123274074074,91.691397037037,21.3760505714286,21.529412,72.172364,81.4689165714286,419.0,405.0
202319,493.0,493,0.9687789,67.960724,18.8571428571429,19.432773,20.1428571428571,78.10014,83.7363722857143,88.28366,20.6106659090909,21.8991595714286,77.2538606363636,79.3976657142857,472.0,419.0
202320,433.0,433,0.21429996,59.68964,13.6315789473684,14.7050224210526,15.7894736842105,80.4407170526316,85.7864683684211,90.6669391578947,19.7407407407407,21.3760505714286,89.6123274074074,72.172364,493.0,472.0
202321,406.0,406,0.028413285,55.967655,15.2727272727273,19.3536093636364,22.3181818181818,60.8346204090909,76.3147334090909,92.3451670909091,19.432773,20.6106659090909,83.7363722857143,77.2538606363636,433.0,493.0
202322,347.0,347,0.0006885354,47.834423,16.6666666666667,16.9938271111111,17.2222222222222,88.3959834814815,90.0982165185185,91.8004488148148,14.7050224210526,19.7407407407407,85.7864683684211,89.6123274074074,406.0,433.0
202323,283.0,283,8.3443e-06,39.011936,10.5038714285714,16.1365857142857,23.8123428571429,48.4480428571429,77.6708714285714,95.6905142857143,19.3536093636364,19.432773,76.3147334090909,83.7363722857143,347.0,406.0
202324,212.0,212,1.34e-08,29.22449,13.1929,16.5284142857143,20.8030142857143,68.6615571428571,85.2781571428571,95.8876571428571,16.9938271111111,14.7050224210526,90.0982165185185,85.7864683684211,283.0,347.0
202325,227.0,227,0.0055455132,31.29226,13.2857142857143,13.9642857142857,14.7142857142857,83.13386,87.8096427142857,92.1827885714286,16.1365857142857,19.3536093636364,77.6708714285714,76.3147334090909,212.0,283.0
202326,216.0,216,0.12798756,29.775894,16.5714285714286,16.8285714285714,17.1428571428571,80.5231514285714,81.7664357142857,82.8459457142857,16.5284142857143,16.9938271111111,85.2781571428571,90.0982165185185,227.0,212.0
202327,180.0,180,0.020786513,24.813246,13.4285714285714,14.3,15.2857142857143,76.7574581428571,82.2456014285714,86.55427,13.9642857142857,16.1365857142857,87.8096427142857,77.6708714285714,216.0,227.0
202328,154.0,154,0.0031223292,21.22911,13.5416571428571,17.8538285714286,23.5826,45.3092285714286,72.5771857142857,89.4880714285714,16.8285714285714,16.5284142857143,81.7664357142857,85.2781571428571,180.0,216.0
202329,112.0,112,2.71817e-05,15.439353,12.9969285714286,16.6554857142857,21.9736857142857,61.1307428571429,81.1177428571429,93.4896857142857,14.3,13.9642857142857,82.2456014285714,87.8096427142857,154.0,180.0
202330,115.0,115,0.013411234,15.852907,13.3102714285714,18.1600571428571,24.7337714285714,47.3774857142857,73.8915285714286,89.9740428571429,17.8538285714286,16.8285714285714,72.5771857142857,81.7664357142857,112.0,154.0
202331,115.0,115,0.22566517,15.852907,12.0268857142857,17.3558285714286,25.1542714285714,45.9584,76.6088857142857,95.0416714285714,16.6554857142857,14.3,81.1177428571429,82.2456014285714,115.0,112.0
202332,133.0,133,0.84269214,18.334232,14.4582714285714,19.6826428571429,26.6991428571429,45.4519428571429,71.6077428571429,90.4979571428571,18.1600571428571,17.8538285714286,73.8915285714286,72.5771857142857,115.0,115.0
202333,149.0,149,0.9580444,20.539854,15.4955571428571,19.4033857142857,24.7299714285714,53.6265714285714,75.8421428571429,90.2197571428571,17.3558285714286,16.6554857142857,76.6088857142857,81.1177428571429,133.0,115.0
202334,147.0,147,0.8222832,20.26415,14.8124428571429,20.0573428571429,26.3449,46.9296,68.0855714285714,86.3427571428571,19.6826428571429,18.1600571428571,71.6077428571429,73.8915285714286,149.0,133.0
202335,136.0,136,0.37561277,18.747786,13.1263571428571,16.8706428571429,22.3339,61.0855,81.8233285714286,94.5732571428571,19.4033857142857,17.3558285714286,75.8421428571429,76.6088857142857,147.0,149.0
202336,180.0,180,0.974055,24.813246,16.5896428571429,21.2644428571429,27.2335714285714,52.7683142857143,74.7278428571429,90.8774857142857,20.0573428571429,19.6826428571429,68.0855714285714,71.6077428571429,136.0,147.0
202337,200.0,200,0.9940998,27.570272,15.0456,20.6263285714286,27.2067428571429,45.4796428571429,69.0343714285714,89.0472428571429,16.8706428571429,19.4033857142857,81.8233285714286,75.8421428571429,180.0,136.0
202338,226.0,226,0.99547595,31.15441,17.4124571428571,23.6108571428571,31.2908,36.7634285714286,65.2405714285714,87.0995142857143,21.2644428571429,20.0573428571429,74.7278428571429,68.0855714285714,200.0,180.0
202339,202.0,202,0.5999212,27.845976,17.9106714285714,22.2694285714286,28.2491571428571,53.9240857142857,75.3381285714286,91.9217857142857,20.6263285714286,16.8706428571429,69.0343714285714,81.8233285714286,226.0,200.0
202340,216.0,216,0.62496394,29.775894,18.6175285714286,21.9939285714286,27.3101285714286,65.8219857142857,84.0615571428571,94.9448571428571,23.6108571428571,21.2644428571429,65.2405714285714,74.7278428571429,202.0,226.0
202341,207.0,207,0.43523306,28.535233,18.1439285714286,20.9916142857143,25.2840285714286,66.7567714285714,83.5135142857143,94.6670571428571,22.2694285714286,20.6263285714286,75.3381285714286,69.0343714285714,216.0,202.0
202342,219.0,219,0.66688895,30.18945,17.5151571428571,20.4457285714286,24.6895142857143,66.7755142857143,82.5298142857143,93.3565,21.9939285714286,23.6108571428571,84.0615571428571,65.2405714285714,207.0,216.0
202343,203.0,203,0.35175475,27.983828,18.5124571428571,22.0773,27.6187,58.3814,79.2063142857143,92.5342571428571,20.9916142857143,22.2694285714286,83.5135142857143,75.3381285714286,219.0,207.0
202344,164.0,164,0.011084587,22.607624,19.3360285714286,22.3700714285714,27.1114,60.8327571428571,81.5423571428571,94.8904428571429,20.4457285714286,21.9939285714286,82.5298142857143,84.0615571428571,203.0,219.0
202345,182.0,182,0.2409915,25.08895,16.0250285714286,21.6118,28.8192285714286,42.8708714285714,69.0911,90.3966285714286,22.0773,20.9916142857143,79.2063142857143,83.5135142857143,164.0,203.0
202346,191.0,191,0.6857949,26.32961,21.3018571428571,26.8515857142857,33.6357571428571,39.4916857142857,65.1360285714286,86.358,22.3700714285714,20.4457285714286,81.5423571428571,82.5298142857143,182.0,164.0
202347,191.0,191,0.7022092,26.32961,19.1214142857143,21.8322857142857,25.1857428571429,69.9690857142857,84.3202,94.8954285714286,21.6118,22.0773,69.0911,79.2063142857143,191.0,182.0
202348,174.0,174,0.26957402,23.986137,18.5365428571429,22.0568571428571,26.6217,64.6195857142857,82.7961857142857,95.4731428571429,26.8515857142857,22.3700714285714,65.1360285714286,81.5423571428571,191.0,191.0
202349,178.0,178,0.36217394,24.537542,19.9728142857143,23.6597,27.8299,62.7413428571429,80.7932285714286,95.2599857142857,21.8322857142857,21.6118,84.3202,69.0911,174.0,191.0
202350,233.0,233,0.99378425,32.11937,18.4588,22.6067285714286,27.6278142857143,54.3878,77.027,93.7420285714286,22.0568571428571,26.8515857142857,82.7961857142857,65.1360285714286,178.0,174.0
202351,230.0,230,0.96405697,31.705814,18.9612571428571,23.2020571428571,28.3690428571429,51.2356571428571,76.2719285714286,94.5993428571429,23.6597,21.8322857142857,80.7932285714286,84.3202,233.0,178.0
202352,247.0,247,0.93021876,34.049286,18.8204142857143,23.5736142857143,28.6719857142857,53.1885428571429,73.5142142857143,91.4356,22.6067285714286,22.0568571428571,77.027,82.7961857142857,230.0,233.0
202401,442.0,442,1.0,60.930305,18.5799571428571,21.7442571428571,25.8246857142857,63.6785857142857,80.6687,93.9377857142857,23.2020571428571,23.6597,76.2719285714286,80.7932285714286,247.0,230.0
202402,645.0,645,1.0,88.91413,20.1629857142857,24.0261428571429,28.0278285714286,60.4774428571429,77.8751428571429,92.2183428571429,23.5736142857143,22.6067285714286,73.5142142857143,77.027,442.0,247.0
202403,1060.0,1060,1.0,146.12245,20.5101714285714,24.3462,28.5113857142857,62.0503428571429,79.5013428571429,93.7015428571429,21.7442571428571,23.2020571428571,80.6687,76.2719285714286,645.0,442.0
202404,1391.0,1391,1.0,191.75125,17.2218428571429,19.7324571428571,22.9693142857143,73.2777285714286,86.4767428571429,95.8096571428571,24.0261428571429,23.5736142857143,77.8751428571429,73.5142142857143,1060.0,645.0
202405,1896.0,1896,1.0,261.36618,17.8181428571429,21.9476142857143,26.5030857142857,60.9044142857143,80.5381571428571,94.8653714285714,24.3462,21.7442571428571,79.5013428571429,80.6687,1391.0,1060.0
202406,2748.0,2748,1.0,378.81555,18.6284285714286,23.0816285714286,28.0056285714286,55.0896142857143,77.5222428571429,94.2258428571429,19.7324571428571,24.0261428571429,86.4767428571429,77.8751428571429,1896.0,1391.0
202407,3529.0,3529,1.0,486.47748,19.2610714285714,22.6176714285714,26.3869571428571,65.5762571428571,81.7569285714286,94.8501285714286,21.9476142857143,24.3462,80.5381571428571,79.5013428571429,2748.0,1896.0
202408,4564.0,4564,1.0,629.1536,19.0256285714286,22.2756142857143,26.5050857142857,69.4119285714286,85.1726714285714,96.1146428571429,23.0816285714286,19.7324571428571,77.5222428571429,86.4767428571429,3529.0,2748.0
202409,5598.0,5598,1.0,771.69196,20.0480142857143,23.4231142857143,27.8341,65.3324428571429,83.7998142857143,96.7044142857143,22.6176714285714,21.9476142857143,81.7569285714286,80.5381571428571,4564.0,3529.0
202410,6661.0,6661,1.0,918.22797,19.5534142857143,22.9664857142857,26.9170714285714,65.7791714285714,83.1539857142857,95.1879,22.2756142857143,23.0816285714286,85.1726714285714,77.5222428571429,5598.0,4564.0
202411,8086.0,8086,1.0,1114.6661,19.6661714285714,23.8144285714286,28.3754285714286,58.1086714285714,79.4509714285714,95.0679285714286,23.4231142857143,22.6176714285714,83.7998142857143,81.7569285714286,6661.0,5598.0
202412,11048.0,11048,1.0,1522.9819,19.9549285714286,23.3193142857143,27.1376714285714,69.3408714285714,84.4991571428571,95.6049857142857,22.9664857142857,22.2756142857143,83.1539857142857,85.1726714285714,8086.0,6661.0
202413,10103.0,10103,1.0,1392.7124,17.7811714285714,20.1668857142857,23.2841571428571,73.2304,88.0813571428571,97.4579857142857,23.8144285714286,23.4231142857143,79.4509714285714,83.7998142857143,11048.0,8086.0
202414,12123.0,12123,1.0,1671.1721,17.3100857142857,22.0666428571429,27.0761571428571,52.3929285714286,77.0615428571429,94.9448857142857,23.3193142857143,22.9664857142857,84.4991571428571,83.1539857142857,10103.0,11048.0
202415,11875.0,11875,1.0,1636.985,17.7804285714286,21.4296,25.7979714285714,60.3334285714286,81.2877,96.0891142857143,20.1668857142857,23.8144285714286,88.0813571428571,79.4509714285714,12123.0,10103.0
202416,10938.0,10938,0.0016053119,1507.8182,17.5259714285714,20.9641714285714,25.1548571428571,59.3892142857143,78.7881142857143,92.8521142857143,22.0666428571429,23.3193142857143,77.0615428571429,84.4991571428571,11875.0,12123.0
202417,10101.0,10101,0.0,1392.4366,15.8882714285714,21.1432857142857,26.8133857142857,48.2613285714286,73.4927428571429,92.6561142857143,21.4296,20.1668857142857,81.2877,88.0813571428571,10938.0,11875.0
202418,9014.0,9014,0.0,1242.5922,16.4452285714286,22.6765428571429,28.9888857142857,41.6179428571429,68.0167,89.2225,20.9641714285714,22.0666428571429,78.7881142857143,77.0615428571429,10101.0,10938.0
202419,8706.0,8706,0.0,1200.134,15.8918714285714,21.8626428571429,28.4317428571429,38.4025571428571,66.9709142857143,88.0817285714286,21.1432857142857,21.4296,73.4927428571429,81.2877,9014.0,10101.0
202420,8014.0,8014,0.0,1104.7408,15.7724428571429,20.6771571428571,26.4369571428571,46.6477857142857,70.4177,88.5568857142857,22.6765428571429,20.9641714285714,68.0167,78.7881142857143,8706.0,9014.0
202421,6538.0,6538,0.0,901.2722,16.1837714285714,20.2085,25.3614571428571,51.0711714285714,75.7938,90.9650714285714,21.8626428571429,21.1432857142857,66.9709142857143,73.4927428571429,8014.0,8706.0
202422,4107.0,4107,0.0,566.1556,12.1496285714286,15.4253571428571,19.6198428571429,61.3367571428571,82.3513285714286,94.8927285714286,20.6771571428571,22.6765428571429,70.4177,68.0167,6538.0,8014.0
202423,3611.0,3611,0.0,497.78128,12.4277428571429,17.1080428571429,22.558,53.5828857142857,76.0447714285714,92.2403428571429,20.2085,21.8626428571429,75.7938,66.9709142857143,4107.0,6538.0
202424,2842.0,2842,0.0,391.7736,11.5797571428571,17.8601714285714,25.2262142857143,41.1144571428571,69.0982714285714,87.6531571428571,15.4253571428571,20.6771571428571,82.3513285714286,70.4177,3611.0,4107.0
202425,2007.0,2007,0.0,276.6677,10.1702428571429,17.1015571428571,24.7854571428571,35.5171,65.4063142857143,87.6573285714286,17.1080428571429,20.2085,76.0447714285714,75.7938,2842.0,3611.0
202426,1681.0,1681,0.0,231.72815,13.5734714285714,18.8582142857143,25.4048142857143,42.9887571428571,69.6242714285714,88.1027142857143,17.8601714285714,15.4253571428571,69.0982714285714,82.3513285714286,2007.0,2842.0
202427,1057.0,1057,0.0,145.7089,11.9090285714286,16.3416285714286,21.7315,54.3130428571429,76.5546428571429,91.7920428571429,17.1015571428571,17.1080428571429,65.4063142857143,76.0447714285714,1681.0,2007.0
202428,830.0,830,0.0,114.41663,14.1284571428571,17.5690714285714,22.2410142857143,61.0154714285714,82.4444714285714,95.1144857142857,18.8582142857143,17.8601714285714,69.6242714285714,69.0982714285714,1057.0,1681.0
202429,539.0,539,0.0,74.30189,12.7093,16.9011857142857,22.1094714285714,51.3730428571429,78.4593857142857,95.9150142857143,16.3416285714286,17.1015571428571,76.5546428571429,65.4063142857143,830.0,1057.0
202430,507.0,507,0.0,69.89064,9.9304,16.6647714285714,23.9750142857143,35.8331142857143,66.8832285714286,89.9041714285714,17.5690714285714,18.8582142857143,82.4444714285714,69.6242714285714,539.0,830.0
202431,487.0,487,9.525e-06,67.13361,12.2459428571429,17.747,24.0353142857143,43.6585714285714,70.5348571428571,88.4996714285714,16.9011857142857,16.3416285714286,78.4593857142857,76.5546428571429,507.0,539.0
202432,407.0,407,7.63833e-05,56.105507,13.1030714285714,18.7648428571429,24.8939428571429,42.5116428571429,65.7584857142857,84.8176142857143,16.6647714285714,17.5690714285714,66.8832285714286,82.4444714285714,487.0,507.0
202433,399.0,399,0.008016915,55.002693,8.02335714285714,14.939,22.8560714285714,38.5682714285714,68.4834285714286,90.6753,17.747,16.9011857142857,70.5348571428571,78.4593857142857,407.0,487.0
202434,471.0,471,0.90261436,64.92799,12.8193142857143,20.5434285714286,28.9119142857143,29.1404714285714,57.1896571428571,79.6458285714286,18.7648428571429,16.6647714285714,65.7584857142857,66.8832285714286,399.0,407.0
202435,364.0,364,0.022842523,50.1779,10.0485,15.4357571428571,21.8958142857143,47.7048285714286,73.9204714285714,93.3281285714286,14.939,17.747,68.4834285714286,70.5348571428571,471.0,399.0
202436,442.0,442,0.7671035,60.930305,14.9169142857143,21.2249857142857,29.0178428571429,35.3506428571429,64.5760857142857,83.8063,20.5434285714286,18.7648428571429,57.1896571428571,65.7584857142857,364.0,471.0
202437,508.0,508,0.9986356,70.028496,15.4436428571429,23.4888857142857,31.6241,22.1333571428571,47.6120714285714,69.3602,15.4357571428571,14.939,73.9204714285714,68.4834285714286,442.0,364.0
202438,467.0,467,0.81695235,64.37659,15.5314,19.9154857142857,25.3144857142857,53.1182285714286,75.8933142857143,92.0379142857143,21.2249857142857,20.5434285714286,64.5760857142857,57.1896571428571,508.0,442.0
202439,559.0,559,0.99570686,77.058914,17.1991714285714,23.1511571428571,29.7637285714286,36.8078142857143,64.5478857142857,87.3802857142857,23.4888857142857,15.4357571428571,47.6120714285714,73.9204714285714,467.0,508.0
202440,470.0,470,0.2066623,64.79014,16.5119571428571,21.5249285714286,28.0664,42.1985714285714,68.4066142857143,87.1072571428572,19.9154857142857,21.2249857142857,75.8933142857143,64.5760857142857,559.0,467.0
202441,493.0,493,0.34280154,67.960724,16.6916428571429,21.1921714285714,27.8493571428571,47.1656285714286,75.0353428571429,93.2043285714286,23.1511571428571,23.4888857142857,64.5478857142857,47.6120714285714,470.0,559.0
202442,583.0,583,0.99362904,80.36735,16.9014142857143,20.9770428571429,26.1889571428571,53.9854,77.0033142857143,93.3335285714286,21.5249285714286,19.9154857142857,68.4066142857143,75.8933142857143,493.0,470.0
202443,627.0,627,0.99939364,86.43281,18.3594142857143,21.6788714285714,25.9306857142857,65.9193285714286,82.2587428571429,93.8832714285714,21.1921714285714,23.1511571428571,75.0353428571429,64.5478857142857,583.0,493.0
202444,552.0,552,0.3900726,76.093956,16.2744428571429,19.8037857142857,24.2675,61.7246,80.4353285714286,93.7130428571429,20.9770428571429,21.5249285714286,77.0033142857143,68.4066142857143,627.0,583.0
202445,577.0,577,0.41057497,79.54024,18.7277428571429,20.8417428571429,23.9309428571429,72.0376714285714,87.3185571428571,95.7442428571429,21.6788714285714,21.1921714285714,82.2587428571429,75.0353428571429,552.0,627.0
202446,606.0,606,0.7922549,83.537926,16.0073428571429,19.7505142857143,24.5155571428571,60.997,80.9531142857143,94.5257428571429,19.8037857142857,20.9770428571429,80.4353285714286,77.0033142857143,577.0,552.0
202447,639.0,639,0.9505117,88.08702,17.4668714285714,21.3092,25.8260142857143,58.7854142857143,80.4139285714286,96.5608,20.8417428571429,21.6788714285714,87.3185571428571,82.2587428571429,606.0,577.0
202448,682.0,682,0.98357695,94.01463,17.4740142857143,22.2966142857143,27.4360857142857,49.5779714285714,71.2792571428571,89.5727285714286,19.7505142857143,19.8037857142857,80.9531142857143,80.4353285714286,639.0,606.0
202449,567.0,567,0.03239189,78.16173,19.4050142857143,22.7543714285714,26.9598428571429,62.7429571428571,80.6790285714286,94.4986571428571,21.3092,20.8417428571429,80.4139285714286,87.3185571428571,682.0,639.0
202450,569.0,569,0.03905934,78.43742,18.4433285714286,21.8030714285714,26.0453285714286,60.3564857142857,81.3932285714286,95.3477,22.2966142857143,19.7505142857143,71.2792571428571,80.9531142857143,567.0,682.0
202451,495.0,495,0.0014833105,68.23643,18.2247,22.0782428571429,26.7548142857143,55.9006285714286,77.5887571428571,93.1933428571429,22.7543714285714,21.3092,80.6790285714286,80.4139285714286,569.0,567.0
202452,456.0,456,0.0017693321,62.86022,19.3304571428571,21.7503714285714,24.8384,73.7151428571429,86.3039,95.1886285714286,21.8030714285714,22.2966142857143,81.3932285714286,71.2792571428571,495.0,569.0
202501,560.0,560,0.9390138,77.19676,18.0405428571429,21.8218285714286,26.4286285714286,65.3971857142857,82.5887428571429,94.7348285714286,22.0782428571429,22.7543714285714,77.5887571428571,80.6790285714286,456.0,495.0
202502,697.0,697,1.0,96.082405,17.6798142857143,21.0208285714286,25.2379714285714,64.4236142857143,82.5213,95.7794571428571,21.7503714285714,21.8030714285714,86.3039,81.3932285714286,560.0,456.0
202503,700.0,700,0.9998601,96.49596,17.9848142857143,21.2488714285714,25.2415428571429,65.0171571428571,81.6609714285714,93.9964714285714,21.8218285714286,22.0782428571429,82.5887428571429,77.5887571428571,697.0,560.0
202504,817.0,817,0.99998766,112.624565,19.8965857142857,24.5109428571429,28.9037,58.6013142857143,75.6011857142857,91.282,21.0208285714286,21.7503714285714,82.5213,86.3039,700.0,697.0
202505,966.0,966,1.0,133.16441,19.8162142857143,21.9261,24.6653142857143,77.6926857142857,89.3995714285714,96.7301428571429,21.2488714285714,21.8218285714286,81.6609714285714,82.5887428571429,817.0,700.0
202506,1135.0,1135,1.0,156.4613,19.4619428571429,23.1286,27.0745571428571,63.3517714285714,81.6348142857143,94.1834,24.5109428571429,21.0208285714286,75.6011857142857,82.5213,966.0,817.0
202507,1451.0,1451,1.0,200.02234,18.9396714285714,23.2725857142857,27.9576142857143,55.6886571428571,77.5068142857143,93.8631571428571,21.9261,21.2488714285714,89.3995714285714,81.6609714285714,1135.0,966.0
202508,1632.0,1632,1.0,224.97343,20.1131142857143,24.6095142857143,29.1742571428571,56.8421285714286,76.4870857142857,92.7047857142857,23.1286,24.5109428571429,81.6348142857143,75.6011857142857,1451.0,1135.0
202509,1565.0,1565,0.99941087,215.73738,18.4151857142857,23.7852857142857,28.9904142857143,46.5259,72.9275428571429,93.9798142857143,23.2725857142857,21.9261,77.5068142857143,89.3995714285714,1632.0,1451.0
202510,1512.0,1512,0.38469136,208.43126,18.0042714285714,23.4399857142857,29.0996857142857,41.9574857142857,70.0857285714286,92.5675857142857,24.6095142857143,23.1286,76.4870857142857,81.6348142857143,1565.0,1632.0
202511,1544.0,1544,0.44308424,212.84251,19.4983857142857,23.0922857142857,27.7181428571429,59.9984,81.1766,95.9974428571429,23.7852857142857,23.2725857142857,72.9275428571429,77.5068142857143,1512.0,1565.0
202512,1619.0,1619,0.92635345,223.18137,17.7635571428571,20.8759714285714,24.7803571428571,66.9127857142857,84.3798428571429,96.5241714285714,23.4399857142857,24.6095142857143,70.0857285714286,76.4870857142857,1544.0,1512.0
202513,1624.0,1624,0.8955475,223.87062,17.5583142857143,21.7272857142857,26.2937428571429,62.1700142857143,81.1396285714286,95.0912714285714,23.0922857142857,23.7852857142857,81.1766,72.9275428571429,1619.0,1544.0
202514,1594.0,1594,0.54726225,219.73508,18.6283,21.6689,25.4155714285714,67.3065428571429,84.3351428571429,95.3344857142857,20.8759714285714,23.4399857142857,84.3798428571429,70.0857285714286,1624.0,1619.0
202515,1543.0,1543,0.1592031,212.70465,15.4034571428571,19.0116857142857,23.4463,63.4501142857143,81.8735428571429,94.8909,21.7272857142857,23.0922857142857,81.1396285714286,81.1766,1594.0,1624.0
202516,1566.0,1566,0.39290193,215.87524,16.8759571428571,20.4015714285714,24.6334142857143,64.9573142857143,82.9252285714286,95.8276714285714,21.6689,20.8759714285714,84.3351428571429,84.3798428571429,1543.0,1594.0
202517,1673.0,1673,0.97047824,230.62534,16.6480571428571,19.1323285714286,22.6235,69.5373142857143,86.2720428571429,96.4144571428571,19.0116857142857,21.7272857142857,81.8735428571429,81.1396285714286,1566.0,1543.0
202518,1650.0,1650,0.871686,227.45476,14.9750714285714,18.3778285714286,22.6874,59.4433857142857,82.3355428571429,96.7332285714286,20.4015714285714,21.6689,82.9252285714286,84.3351428571429,1673.0,1566.0
202519,1730.0,1730,0.9584012,238.48286,14.0512571428571,19.1068142857143,24.9255857142857,50.9340857142857,75.6745857142857,91.8219571428571,19.1323285714286,19.0116857142857,86.2720428571429,81.8735428571429,1650.0,1673.0
202520,1739.0,1739,0.89081264,239.72353,13.4187714285714,17.0241,21.4607571428571,59.5587285714286,81.4256571428571,95.5475571428571,18.3778285714286,20.4015714285714,82.3355428571429,82.9252285714286,1730.0,1650.0
202521,1487.0,1487,0.0001796448,204.98499,14.1516714285714,18.5960714285714,23.0703142857143,58.5712,77.3917857142857,92.5122571428571,19.1068142857143,19.1323285714286,75.6745857142857,86.2720428571429,1739.0,1730.0
202522,1123.0,1123,0.0,154.80708,12.3642142857143,16.9495285714286,22.6814571428571,51.8407,75.1701142857143,90.1092428571429,17.0241,18.3778285714286,81.4256571428571,82.3355428571429,1487.0,1739.0
202523,894.0,894,0.0,123.23912,13.2367285714286,17.3432428571429,22.5754714285714,60.6385428571429,82.6568428571429,96.0640142857143,18.5960714285714,19.1068142857143,77.3917857142857,75.6745857142857,1123.0,1487.0
202524,573.0,573,0.0,78.98883,11.1011142857143,14.1412285714286,18.0668285714286,63.6779571428571,83.7810428571429,95.6071285714286,16.9495285714286,17.0241,75.1701142857143,81.4256571428571,894.0,1123.0
202525,595.0,595,0.0,82.02156,9.77032857142857,15.8423142857143,22.7122,47.8988571428571,71.9372714285714,88.4556571428571,17.3432428571429,18.5960714285714,82.6568428571429,77.3917857142857,573.0,894.0
202526,494.0,494,1.66e-08,68.09857,11.5414714285714,16.2411142857143,22.6787571428571,50.4464142857143,74.8771285714286,89.8373857142857,14.1412285714286,16.9495285714286,83.7810428571429,75.1701142857143,595.0,573.0
202527,371.0,371,0.0,51.142857,12.2234857142857,14.8100285714286,18.5617428571429,66.7286571428571,84.4789428571429,94.1092571428571,15.8423142857143,17.3432428571429,71.9372714285714,82.6568428571429,494.0,595.0
202528,441.0,441,0.055148393,60.792454,10.4856857142857,14.4197571428571,19.6671714285714,52.1168571428571,78.9902571428571,97.0397428571429,16.2411142857143,14.1412285714286,74.8771285714286,83.7810428571429,371.0,494.0
202529,353.0,353,0.003567854,48.661533,9.40991428571429,15.0262,21.2727714285714,41.6002571428571,69.5160428571429,90.8839428571429,14.8100285714286,15.8423142857143,84.4789428571429,71.9372714285714,441.0,371.0
202530,352.0,352,0.04139905,48.52368,11.3458857142857,16.0301285714286,22.2481285714286,49.4506571428571,77.1422285714286,93.9252,14.4197571428571,16.2411142857143,78.9902571428571,74.8771285714286,353.0,441.0
202531,332.0,332,0.061401464,45.766655,9.3484,14.8937,21.5528142857143,41.8530428571429,68.6186285714286,87.5137142857143,15.0262,14.8100285714286,69.5160428571429,84.4789428571429,352.0,353.0
202532,321.0,321,0.13924894,44.25029,11.4309714285714,16.1973,21.8069142857143,44.9698285714286,70.7829,89.4705142857143,16.0301285714286,14.4197571428571,77.1422285714286,78.9902571428571,332.0,352.0
202533,333.0,333,0.47933686,45.904507,9.4262,13.6959571428571,19.7660714285714,47.1230285714286,74.1739142857143,92.3893857142857,14.8937,15.0262,68.6186285714286,69.5160428571429,321.0,332.0
202534,421.0,421,0.99939424,58.035423,13.8956571428571,19.7569142857143,26.9003428571429,36.8894714285714,65.0353714285714,85.4518142857143,16.1973,16.0301285714286,70.7829,77.1422285714286,333.0,321.0
202535,418.0,418,0.9889176,57.621872,14.9347142857143,18.5143,23.5683714285714,53.0539142857143,77.0279714285714,93.9816142857143,13.6959571428571,14.8937,74.1739142857143,68.6186285714286,421.0,333.0
202536,447.0,447,0.96973544,61.61956,13.5262857142857,18.8131714285714,24.8374571428571,41.7335285714286,67.7057,88.5806857142857,19.7569142857143,16.1973,65.0353714285714,70.7829,418.0,421.0
202537,453.0,453,0.86294377,62.44667,14.4322857142857,19.2607285714286,25.6147,40.1327142857143,67.7498285714286,88.1890428571429,18.5143,13.6959571428571,77.0279714285714,74.1739142857143,447.0,418.0
202538,559.0,559,0.9998704,77.058914,14.2477,19.6347857142857,26.6105428571429,39.5426285714286,70.8766714285714,94.0445428571429,18.8131714285714,19.7569142857143,67.7057,65.0353714285714,453.0,447.0
202539,501.0,501,0.7912722,69.06354,14.6527857142857,18.2591428571429,23.3304714285714,50.6002285714286,70.9017285714286,88.4834571428571,19.2607285714286,18.5143,67.7498285714286,77.0279714285714,559.0,453.0
202540,637.0,637,0.9998535,87.81132,15.3162714285714,21.2159285714286,28.3406285714286,36.7679571428571,66.2511,89.3284714285714,19.6347857142857,18.8131714285714,70.8766714285714,67.7057,501.0,559.0
202541,596.0,596,0.92243636,82.15942,16.0472714285714,20.1103285714286,24.6874285714286,54.3947142857143,72.2922,88.4815571428571,18.2591428571429,19.2607285714286,70.9017285714286,67.7498285714286,637.0,501.0
202542,604.0,604,0.71496904,83.26222,16.8434714285714,21.2652,26.6448,53.5955571428571,76.3139,93.9983285714286,21.2159285714286,19.6347857142857,66.2511,70.8766714285714,596.0,637.0
202543,608.0,608,0.5857736,83.81363,11.3084714285714,16.0909857142857,21.9918285714286,44.0756285714286,70.3690571428571,91.8625571428571,20.1103285714286,18.2591428571429,72.2922,70.9017285714286,604.0,596.0
202544,503.0,503,0.0024608609,69.33923,16.2540857142857,20.2291714285714,25.1443428571429,59.892,79.1082,93.1980857142857,21.2652,21.2159285714286,76.3139,66.2511,608.0,604.0
202545,600.0,600,0.74043465,82.71082,17.1303571428571,20.496,25.1270285714286,65.6932142857143,82.5886285714286,94.1979285714286,16.0909857142857,20.1103285714286,70.3690571428571,72.2922,503.0,608.0
202546,580.0,580,0.7270458,79.95379,14.4697714285714,18.8848,24.1125857142857,55.2349285714286,77.0036571428571,93.8945857142857,20.2291714285714,21.2652,79.1082,76.3139,600.0,503.0
202547,444.0,444,0.0001096606,61.206005,16.2589285714286,20.6344857142857,25.8783285714286,52.1869571428571,74.8866142857143,92.4428571428572,20.496,16.0909857142857,82.5886285714286,70.3690571428571,580.0,600.0
202548,422.0,422,0.0001031535,58.173275,15.2867571428571,19.6462285714286,24.8507285714286,52.1786428571429,76.1618571428571,95.2852,18.8848,20.2291714285714,77.0036571428571,79.1082,444.0,580.0
202549,481.0,481,0.5095152,66.3065,17.5459,22.2798714285714,28.1276428571429,47.3270714285714,73.1956142857143,93.5659,20.6344857142857,20.496,74.8866142857143,82.5886285714286,422.0,444.0
202550,440.0,440,0.36899474,60.654602,19.3453285714286,22.8015142857143,27.0234857142857,57.5907142857143,74.3146142857143,86.9682,19.6462285714286,18.8848,76.1618571428571,77.0036571428571,481.0,422.0
202551,410.0,410,0.0902516,56.51906,17.9845571428571,20.7661428571429,24.6833714285714,69.4048428571429,83.9736571428571,94.3383,22.2798714285714,20.6344857142857,73.1956142857143,74.8866142857143,440.0,481.0
202552,338.0,338,0.0002616028,46.59376,19.638,24.8058714285714,29.8824,46.2348571428571,68.1158714285714,87.1776428571429,22.8015142857143,19.6462285714286,74.3146142857143,76.1618571428571,410.0,440.0
202553,418.0,418,0.7084586,57.621872,21.0247,24.9015428571429,29.5607714285714,55.3206857142857,76.6091571428571,93.3734714285714,20.7661428571429,22.2798714285714,83.9736571428571,73.1956142857143,338.0,410.0
202601,466.0,466,0.9968655,64.23874,18.0205571428571,22.2170857142857,26.7150285714286,54.875,74.5461285714286,91.2633,24.8058714285714,22.8015142857143,68.1158714285714,74.3146142857143,418.0,338.0
202602,442.0,442,0.86881644,60.930305,19.3458714285714,23.4297,27.4854571428571,52.883,72.3869857142857,89.2389285714286,24.9015428571429,20.7661428571429,76.6091571428571,83.9736571428571,466.0,418.0
202603,369.0,369,0.010782228,50.867153,16.6033428571429,19.3668714285714,22.7061857142857,69.2053857142857,83.8471428571429,95.2301285714286,22.2170857142857,24.8058714285714,74.5461285714286,68.1158714285714,442.0,466.0
202604,392.0,392,0.13362803,54.037735,17.6431857142857,21.3168714285714,25.6867714285714,66.7945142857143,84.3777857142857,97.1505285714286,23.4297,24.9015428571429,72.3869857142857,76.6091571428571,369.0,442.0
202605,556.0,556,0.99999934,76.64536,19.3764,21.9307857142857,24.9832142857143,74.4833428571429,86.4203714285714,95.1862142857143,19.3668714285714,22.2170857142857,83.8471428571429,74.5461285714286,392.0,369.0
202606,600.0,600,0.99999976,82.71082,19.1145857142857,22.1320857142857,25.6101,65.9083714285714,82.9594571428571,94.1636714285714,21.3168714285714,23.4297,84.3777857142857,72.3869857142857,556.0,392.0
202607,737.0,737,1.0,101.59646,18.9390142857143,23.1827857142857,28.1297714285714,56.0059571428571,79.2587142857143,95.4672142857143,21.9307857142857,19.3668714285714,86.4203714285714,83.8471428571429,600.0,556.0
202608,594.0,594,0.35198835,81.88371,19.0306,21.3536714285714,24.7644142857143,71.0944714285714,86.4395,96.6494142857143,22.1320857142857,21.3168714285714,82.9594571428571,84.3777857142857,737.0,600.0
202609,607.0,607,0.12625405,83.67578,16.7365,20.2997428571429,24.9418714285714,61.6419142857143,82.4948285714286,97.788,23.1827857142857,21.9307857142857,79.2587142857143,86.4203714285714,594.0,737.0
202610,571.0,571,0.050007023,78.71313,18.2749,20.5329142857143,23.2963857142857,76.0575285714286,88.851,97.1875142857143,21.3536714285714,22.1320857142857,86.4395,82.9594571428571,607.0,594.0
202611,691.0,691,0.9922938,95.255295,17.6473142857143,22.0980142857143,26.8001428571429,59.3986857142857,79.6355285714286,94.4085571428571,20.2997428571429,23.1827857142857,82.4948285714286,79.2587142857143,571.0,607.0
202612,678.0,678,0.962819,93.46323,16.8322,21.8170857142857,27.3913142857143,48.7273714285714,75.8665142857143,95.2195857142857,20.5329142857143,21.3536714285714,88.851,86.4395,691.0,571.0
202613,536.0,536,0.0009646491,73.88833,17.3457714285714,21.2456285714286,25.8233,62.6149714285714,81.8874571428571,94.8394,22.0980142857143,20.2997428571429,79.6355285714286,82.4948285714286,678.0,691.0
202614,601.0,601,0.17790861,82.84867,17.5436571428571,20.6460142857143,24.3570285714286,68.2792714285714,84.1786142857143,94.7606714285714,21.8170857142857,20.5329142857143,75.8665142857143,88.851,536.0,678.0
202615,539.0,539,0.056305137,74.30189,14.0975857142857,19.4806,25.4129428571429,49.4437,76.1656142857143,95.0784714285714,21.2456285714286,22.0980142857143,81.8874571428571,79.6355285714286,601.0,536.0
202616,586.0,586,0.6675811,80.7809,14.5288,19.3052857142857,25.0832142857143,49.8846285714286,77.6570714285714,96.5501428571429,20.6460142857143,21.8170857142857,84.1786142857143,75.8665142857143,539.0,601.0
202617,468.0,468,0.0021237305,64.51444,20.6053857142857,20.6053857142857,20.6053857142857,87.1010571428571,87.1010571428571,87.1010571428571,19.4806,21.2456285714286,76.1656142857143,81.8874571428571,586.0,539.0
202618,470.0,470,0.016361736,64.79014,19.3253857142857,19.3253857142857,19.3253857142857,79.5515571428571,79.5515571428571,79.5515571428571,19.3052857142857,20.6460142857143,77.6570714285714,84.1786142857143,468.0,586.0
202619,444.0,444,0.03905144,61.206005,12.8690142857143,17.2370571428571,22.3310142857143,56.2073428571429,79.2487714285714,95.3417714285714,20.6053857142857,19.4806,87.1010571428571,76.1656142857143,470.0,468.0
202620,432.0,432,0.13080928,59.55179,15.3767571428571,17.4406714285714,20.1249428571429,76.8529857142857,88.7069142857143,95.8196142857143,19.3253857142857,19.3052857142857,79.5515571428571,77.6570714285714,444.0,470.0
202621,479.0,479,0.8362268,66.03081,14.5455571428571,17.5101285714286,21.5820285714286,68.2269571428571,86.4057142857143,96.9989714285714,17.2370571428571,20.6053857142857,79.2487714285714,87.1010571428571,432.0,444.0
202622,411.0,411,0.119743206,56.65691,13.0650571428571,15.6734571428571,19.8453428571429,60.0175285714286,84.4023714285714,98.1589285714286,17.4406714285714,19.3253857142857,88.7069142857143,79.5515571428571,479.0,432.0
202623,387.0,387,0.027756423,53.34848,13.7639142857143,15.3471571428571,16.8201714285714,73.2009857142857,79.8889714285714,85.0530285714286,17.5101285714286,17.2370571428571,86.4057142857143,79.2487714285714,411.0,479.0
202624,309.0,309,3.62535e-05,42.596073,14.5768857142857,14.5768857142857,14.5768857142857,89.1306428571429,89.1306428571429,89.1306428571429,15.6734571428571,17.4406714285714,84.4023714285714,88.7069142857143,387.0,411.0
202625,294.0,294,0.0011848398,40.5283,15.0740142857143,15.0740142857143,15.0740142857143,89.3888285714286,89.3888285714286,89.3888285714286,15.3471571428571,17.5101285714286,79.8889714285714,86.4057142857143,309.0,387.0
202626,315.0,315,0.28468502,43.42318,16.2041,16.2041,16.2041,86.3729714285714,86.3729714285714,86.3729714285714,14.5768857142857,15.6734571428571,89.1306428571429,84.4023714285714,294.0,309.0
202627,231.0,231,0.0008318715,31.843666,14.7829285714286,14.7829285714286,14.7829285714286,84.1995571428571,84.1995571428571,84.1995571428571,15.0740142857143,15.3471571428571,89.3888285714286,79.8889714285714,315.0,294.0
202628,168.0,168,4.8e-08,23.159029,12.8766142857143,12.8766142857143,12.8766142857143,80.3373142857143,80.3373142857143,80.3373142857143,16.2041,14.5768857142857,86.3729714285714,89.1306428571429,231.0,315.0
202629,167.0,167,0.0003144108,23.021177,14.8533857142857,14.8533857142857,14.8533857142857,81.2807428571429,81.2807428571429,81.2807428571429,14.7829285714286,15.0740142857143,84.1995571428571,89.3888285714286,168.0,231.0
202630,145.0,145,0.0073403763,19.988447,16.8700142857143,16.8700142857143,16.8700142857143,80.2401428571429,80.2401428571429,80.2401428571429,12.8766142857143,16.2041,80.3373142857143,86.3729714285714,167.0,168.0
202631,149.0,149,0.19313188,20.539854,13.93652,13.93652,13.93652,56.9938,56.9938,56.9938,14.8533857142857,14.7829285714286,81.2807428571429,84.1995571428571,145.0,167.0
